,ORIGIN,CARRIER,FL_NUM,ARR_DELAY,DISTANCE,DEP_DELAY,TAXI_OUT,TAXI_IN,AIR_TIME,CANCELLED,FREQ,airport_id,airport_name,city,country,iata,icao,latitude,longitude,altitude,timezone,dst,DCA_lat,DCA_long
0,ATL,DL,150,-3.24,547.0,4.04,18.36,5.68,73.36,0.07407407407407407,27,Hartsfield Jackson Atlanta Intl,Atlanta,United States,ATL,KATL,33.636719,-84.428067,1026,-5.0,A,America/New_York,38.852083,-77.037722
1,ATL,DL,309,-0.5555555555555556,547.0,7.888888888888889,15.777777777777779,4.444444444444445,71.33333333333333,0.18181818181818182,11,Hartsfield Jackson Atlanta Intl,Atlanta,United States,ATL,KATL,33.636719,-84.428067,1026,-5.0,A,America/New_York,38.852083,-77.037722
2,ATL,DL,374,12.318181818181818,547.0,18.59090909090909,18.40909090909091,4.363636363636363,72.22727272727273,0.08333333333333333,24,Hartsfield Jackson Atlanta Intl,Atlanta,United States,ATL,KATL,33.636719,-84.428067,1026,-5.0,A,America/New_York,38.852083,-77.037722
3,ATL,DL,1138,-5.75,547.0,-2.875,16.708333333333332,5.416666666666667,75.25,0.07692307692307693,26,Hartsfield Jackson Atlanta Intl,Atlanta,United States,ATL,KATL,33.636719,-84.428067,1026,-5.0,A,America/New_York,38.852083,-77.037722
4,ATL,DL,1322,0.28,547.0,5.4,16.16,4.04,74.72,0.07407407407407407,27,Hartsfield Jackson Atlanta Intl,Atlanta,United States,ATL,KATL,33.636719,-84.428067,1026,-5.0,A,America/New_York,38.852083,-77.037722
5,ATL,DL,1376,4.923076923076923,547.0,9.615384615384615,20.923076923076923,5.884615384615385,73.11538461538461,0.07142857142857142,28,Hartsfield Jackson Atlanta Intl,Atlanta,United States,ATL,KATL,33.636719,-84.428067,1026,-5.0,A,America/New_York,38.852083,-77.037722
6,ATL,DL,1438,8.72,547.0,13.96,17.6,5.36,70.56,0.038461538461538464,26,Hartsfield Jackson Atlanta Intl,Atlanta,United States,ATL,KATL,33.636719,-84.428067,1026,-5.0,A,America/New_York,38.852083,-77.037722
7,ATL,DL,1738,4.4,547.0,8.32,20.36,4.72,75.68,0.07407407407407407,27,Hartsfield Jackson Atlanta Intl,Atlanta,United States,ATL,KATL,33.636719,-84.428067,1026,-5.0,A,America/New_York,38.852083,-77.037722
8,ATL,DL,1838,3.76,547.0,8.08,15.92,7.56,71.6,0.07407407407407407,27,Hartsfield Jackson Atlanta Intl,Atlanta,United States,ATL,KATL,33.636719,-84.428067,1026,-5.0,A,America/New_York,38.852083,-77.037722
9,ATL,DL,1938,2.5,547.0,10.23076923076923,17.26923076923077,6.461538461538462,73.0,0.07142857142857142,28,Hartsfield Jackson Atlanta Intl,Atlanta,United States,ATL,KATL,33.636719,-84.428067,1026,-5.0,A,America/New_York,38.852083,-77.037722
10,ATL,DL,2138,-0.4090909090909091,547.0,3.8181818181818183,16.954545454545453,4.409090909090909,74.68181818181819,0.08333333333333333,24,Hartsfield Jackson Atlanta Intl,Atlanta,United States,ATL,KATL,33.636719,-84.428067,1026,-5.0,A,America/New_York,38.852083,-77.037722
11,ATL,DL,2235,-5.076923076923077,547.0,5.076923076923077,15.615384615384615,5.076923076923077,71.92307692307692,0.0,13,Hartsfield Jackson Atlanta Intl,Atlanta,United States,ATL,KATL,33.636719,-84.428067,1026,-5.0,A,America/New_York,38.852083,-77.037722
12,ATL,DL,2238,-1.56,547.0,1.8,15.36,4.0,73.84,0.07407407407407407,27,Hartsfield Jackson Atlanta Intl,Atlanta,United States,ATL,KATL,33.636719,-84.428067,1026,-5.0,A,America/New_York,38.852083,-77.037722
13,ATL,DL,2338,-1.2692307692307692,547.0,5.423076923076923,18.576923076923077,3.6153846153846154,74.23076923076923,0.07142857142857142,28,Hartsfield Jackson Atlanta Intl,Atlanta,United States,ATL,KATL,33.636719,-84.428067,1026,-5.0,A,America/New_York,38.852083,-77.037722
14,ATL,DL,2405,-6.333333333333333,547.0,11.444444444444445,12.88888888888889,4.333333333333333,70.0,0.18181818181818182,11,Hartsfield Jackson Atlanta Intl,Atlanta,United States,ATL,KATL,33.636719,-84.428067,1026,-5.0,A,America/New_York,38.852083,-77.037722
15,ATL,DL,2485,3.3846153846153846,547.0,7.846153846153846,16.23076923076923,5.384615384615385,73.61538461538461,0.0,13,Hartsfield Jackson Atlanta Intl,Atlanta,United States,ATL,KATL,33.636719,-84.428067,1026,-5.0,A,America/New_York,38.852083,-77.037722
16,ATL,FL,153,-18.0,547.0,-5.0,8.0,5.5,71.5,0.0,2,Hartsfield Jackson Atlanta Intl,Atlanta,United States,ATL,KATL,33.636719,-84.428067,1026,-5.0,A,America/New_York,38.852083,-77.037722
17,ATL,FL,169,-22.0,547.0,-3.0,9.0,5.0,70.0,0.0,2,Hartsfield Jackson Atlanta Intl,Atlanta,United States,ATL,KATL,33.636719,-84.428067,1026,-5.0,A,America/New_York,38.852083,-77.037722
18,ATL,FL,176,-7.222222222222222,547.0,3.5555555555555554,11.444444444444445,6.555555555555555,71.22222222222223,0.1,10,Hartsfield Jackson Atlanta Intl,Atlanta,United States,ATL,KATL,33.636719,-84.428067,1026,-5.0,A,America/New_York,38.852083,-77.037722
19,ATL,FL,196,-7.0,547.0,2.0,15.0,4.5,73.5,0.0,2,Hartsfield Jackson Atlanta Intl,Atlanta,United States,ATL,KATL,33.636719,-84.428067,1026,-5.0,A,America/New_York,38.852083,-77.037722
20,ATL,FL,202,-9.384615384615385,547.0,2.8461538461538463,11.846153846153847,6.230769230769231,73.6923076923077,0.07142857142857142,14,Hartsfield Jackson Atlanta Intl,Atlanta,United States,ATL,KATL,33.636719,-84.428067,1026,-5.0,A,America/New_York,38.852083,-77.037722
21,ATL,FL,211,-2.6666666666666665,547.0,11.444444444444445,12.444444444444445,6.111111111111111,71.33333333333333,0.1,10,Hartsfield Jackson Atlanta Intl,Atlanta,United States,ATL,KATL,33.636719,-84.428067,1026,-5.0,A,America/New_York,38.852083,-77.037722
22,ATL,FL,424,-11.777777777777779,547.0,2.3333333333333335,10.11111111111111,5.222222222222222,70.55555555555556,0.1,10,Hartsfield Jackson Atlanta Intl,Atlanta,United States,ATL,KATL,33.636719,-84.428067,1026,-5.0,A,America/New_York,38.852083,-77.037722
23,ATL,FL,427,-9.555555555555555,547.0,-0.7777777777777778,12.11111111111111,5.444444444444445,70.66666666666667,0.1,10,Hartsfield Jackson Atlanta Intl,Atlanta,United States,ATL,KATL,33.636719,-84.428067,1026,-5.0,A,America/New_York,38.852083,-77.037722
24,ATL,FL,455,-7.75,547.0,-4.166666666666667,11.5,5.0,76.91666666666667,0.14285714285714285,14,Hartsfield Jackson Atlanta Intl,Atlanta,United States,ATL,KATL,33.636719,-84.428067,1026,-5.0,A,America/New_York,38.852083,-77.037722
25,ATL,FL,477,-9.538461538461538,547.0,2.1538461538461537,10.846153846153847,5.3076923076923075,76.15384615384616,0.07142857142857142,14,Hartsfield Jackson Atlanta Intl,Atlanta,United States,ATL,KATL,33.636719,-84.428067,1026,-5.0,A,America/New_York,38.852083,-77.037722
26,ATL,FL,482,16.307692307692307,547.0,11.23076923076923,18.692307692307693,5.538461538461538,76.84615384615384,0.07142857142857142,14,Hartsfield Jackson Atlanta Intl,Atlanta,United States,ATL,KATL,33.636719,-84.428067,1026,-5.0,A,America/New_York,38.852083,-77.037722
27,ATL,FL,523,-22.5,547.0,-3.0,8.0,4.0,72.5,0.0,2,Hartsfield Jackson Atlanta Intl,Atlanta,United States,ATL,KATL,33.636719,-84.428067,1026,-5.0,A,America/New_York,38.852083,-77.037722
28,ATL,FL,536,-6.555555555555555,547.0,3.3333333333333335,10.666666666666666,4.555555555555555,73.88888888888889,0.1,10,Hartsfield Jackson Atlanta Intl,Atlanta,United States,ATL,KATL,33.636719,-84.428067,1026,-5.0,A,America/New_York,38.852083,-77.037722
29,ATL,FL,547,-18.333333333333332,547.0,-2.0,12.11111111111111,5.444444444444445,70.11111111111111,0.1,10,Hartsfield Jackson Atlanta Intl,Atlanta,United States,ATL,KATL,33.636719,-84.428067,1026,-5.0,A,America/New_York,38.852083,-77.037722
30,ATL,FL,590,-29.5,547.0,-8.5,8.0,4.5,66.5,0.0,2,Hartsfield Jackson Atlanta Intl,Atlanta,United States,ATL,KATL,33.636719,-84.428067,1026,-5.0,A,America/New_York,38.852083,-77.037722
31,ATL,FL,717,-24.5,547.0,-8.0,9.5,5.5,68.5,0.0,2,Hartsfield Jackson Atlanta Intl,Atlanta,United States,ATL,KATL,33.636719,-84.428067,1026,-5.0,A,America/New_York,38.852083,-77.037722
32,ATL,FL,871,-2.0,547.0,-0.5,12.5,5.0,77.0,0.0,2,Hartsfield Jackson Atlanta Intl,Atlanta,United States,ATL,KATL,33.636719,-84.428067,1026,-5.0,A,America/New_York,38.852083,-77.037722
33,ATL,FL,950,-4.0,547.0,6.5,13.0,5.0,75.5,0.0,2,Hartsfield Jackson Atlanta Intl,Atlanta,United States,ATL,KATL,33.636719,-84.428067,1026,-5.0,A,America/New_York,38.852083,-77.037722
34,ATL,FL,951,14.384615384615385,547.0,21.76923076923077,11.076923076923077,8.0,73.53846153846153,0.07142857142857142,14,Hartsfield Jackson Atlanta Intl,Atlanta,United States,ATL,KATL,33.636719,-84.428067,1026,-5.0,A,America/New_York,38.852083,-77.037722
35,ATL,FL,1967,-7.5,547.0,2.0,12.0,5.0,73.5,0.0,2,Hartsfield Jackson Atlanta Intl,Atlanta,United States,ATL,KATL,33.636719,-84.428067,1026,-5.0,A,America/New_York,38.852083,-77.037722
36,ATL,WN,500,10.0,547.0,14.23076923076923,17.307692307692307,5.384615384615385,73.07692307692308,0.0,13,Hartsfield Jackson Atlanta Intl,Atlanta,United States,ATL,KATL,33.636719,-84.428067,1026,-5.0,A,America/New_York,38.852083,-77.037722
37,ATL,WN,1499,-16.5,547.0,0.5,12.5,5.0,75.5,0.0,2,Hartsfield Jackson Atlanta Intl,Atlanta,United States,ATL,KATL,33.636719,-84.428067,1026,-5.0,A,America/New_York,38.852083,-77.037722
38,ATL,WN,1927,,547.0,,,,,1.0,1,Hartsfield Jackson Atlanta Intl,Atlanta,United States,ATL,KATL,33.636719,-84.428067,1026,-5.0,A,America/New_York,38.852083,-77.037722
39,AUS,WN,224,-1.7692307692307692,1315.0,-0.8461538461538461,9.461538461538462,9.692307692307692,154.92307692307693,0.0,13,Austin Bergstrom Intl,Austin,United States,AUS,KAUS,30.194528000000002,-97.669889,542,-6.0,A,America/Chicago,38.852083,-77.037722
40,AUS,WN,408,-10.4,1315.0,-1.1,10.3,9.7,145.7,0.0,10,Austin Bergstrom Intl,Austin,United States,AUS,KAUS,30.194528000000002,-97.669889,542,-6.0,A,America/Chicago,38.852083,-77.037722
41,AUS,WN,953,,1315.0,,,,,1.0,1,Austin Bergstrom Intl,Austin,United States,AUS,KAUS,30.194528000000002,-97.669889,542,-6.0,A,America/Chicago,38.852083,-77.037722
42,AUS,WN,2875,-15.0,1315.0,-3.5,8.0,10.0,145.5,0.0,2,Austin Bergstrom Intl,Austin,United States,AUS,KAUS,30.194528000000002,-97.669889,542,-6.0,A,America/Chicago,38.852083,-77.037722
43,AUS,WN,3071,-7.0,1315.0,-1.5,11.0,6.0,152.5,0.0,2,Austin Bergstrom Intl,Austin,United States,AUS,KAUS,30.194528000000002,-97.669889,542,-6.0,A,America/Chicago,38.852083,-77.037722
44,BDL,US,1881,-1.3043478260869565,313.0,-0.782608695652174,15.26086956521739,3.9130434782608696,69.30434782608695,0.041666666666666664,24,Bradley Intl,Windsor Locks,United States,BDL,KBDL,41.938889,-72.683222,173,-5.0,A,America/New_York,38.852083,-77.037722
45,BNA,MQ,3403,37.45,562.0,35.85,16.45,6.1,74.05,0.16666666666666666,24,Nashville Intl,Nashville,United States,BNA,KBNA,36.124472,-86.67819399999999,599,-6.0,A,America/Chicago,38.852083,-77.037722
46,BNA,MQ,3405,20.75,562.0,23.294117647058822,23.25,4.9375,76.6875,0.2,20,Nashville Intl,Nashville,United States,BNA,KBNA,36.124472,-86.67819399999999,599,-6.0,A,America/Chicago,38.852083,-77.037722
47,BNA,MQ,3457,24.64,562.0,28.12,12.72,5.12,73.68,0.10714285714285714,28,Nashville Intl,Nashville,United States,BNA,KBNA,36.124472,-86.67819399999999,599,-6.0,A,America/Chicago,38.852083,-77.037722
48,BNA,MQ,3520,14.5,562.0,19.208333333333332,11.875,4.875,73.54166666666667,0.0,24,Nashville Intl,Nashville,United States,BNA,KBNA,36.124472,-86.67819399999999,599,-6.0,A,America/Chicago,38.852083,-77.037722
49,BNA,MQ,3543,18.36,562.0,19.576923076923077,15.68,4.16,73.12,0.10714285714285714,28,Nashville Intl,Nashville,United States,BNA,KBNA,36.124472,-86.67819399999999,599,-6.0,A,America/Chicago,38.852083,-77.037722
50,BOS,B6,289,16.772727272727273,399.0,2.347826086956522,31.91304347826087,5.782608695652174,79.77272727272727,0.041666666666666664,24,General Edward Lawrence Logan Intl,Boston,United States,BOS,KBOS,42.364346999999995,-71.00518100000001,19,-5.0,A,America/New_York,38.852083,-77.037722
51,BOS,B6,389,10.555555555555555,399.0,7.333333333333333,23.25925925925926,3.888888888888889,77.03703703703704,0.03571428571428571,28,General Edward Lawrence Logan Intl,Boston,United States,BOS,KBOS,42.364346999999995,-71.00518100000001,19,-5.0,A,America/New_York,38.852083,-77.037722
52,BOS,B6,489,8.91304347826087,399.0,7.304347826086956,19.391304347826086,3.8260869565217392,77.3913043478261,0.041666666666666664,24,General Edward Lawrence Logan Intl,Boston,United States,BOS,KBOS,42.364346999999995,-71.00518100000001,19,-5.0,A,America/New_York,38.852083,-77.037722
53,BOS,B6,589,11.708333333333334,399.0,6.541666666666667,20.875,4.791666666666667,76.41666666666667,0.07692307692307693,26,General Edward Lawrence Logan Intl,Boston,United States,BOS,KBOS,42.364346999999995,-71.00518100000001,19,-5.0,A,America/New_York,38.852083,-77.037722
54,BOS,B6,689,2.925925925925926,399.0,-2.0,21.074074074074073,4.37037037037037,78.37037037037037,0.03571428571428571,28,General Edward Lawrence Logan Intl,Boston,United States,BOS,KBOS,42.364346999999995,-71.00518100000001,19,-5.0,A,America/New_York,38.852083,-77.037722
55,BOS,B6,789,103.0,399.0,96.0,28.0,5.0,75.0,0.5,2,General Edward Lawrence Logan Intl,Boston,United States,BOS,KBOS,42.364346999999995,-71.00518100000001,19,-5.0,A,America/New_York,38.852083,-77.037722
56,BOS,B6,889,5.36,399.0,3.8,19.44,4.28,77.28,0.10714285714285714,28,General Edward Lawrence Logan Intl,Boston,United States,BOS,KBOS,42.364346999999995,-71.00518100000001,19,-5.0,A,America/New_York,38.852083,-77.037722
57,BOS,B6,989,25.884615384615383,399.0,21.5,24.846153846153847,4.6923076923076925,77.26923076923077,0.07142857142857142,28,General Edward Lawrence Logan Intl,Boston,United States,BOS,KBOS,42.364346999999995,-71.00518100000001,19,-5.0,A,America/New_York,38.852083,-77.037722
58,BOS,B6,1089,34.1,399.0,29.65,21.1,6.05,76.7,0.16666666666666666,24,General Edward Lawrence Logan Intl,Boston,United States,BOS,KBOS,42.364346999999995,-71.00518100000001,19,-5.0,A,America/New_York,38.852083,-77.037722
59,BOS,B6,1189,12.285714285714286,399.0,9.285714285714286,18.61904761904762,6.095238095238095,73.66666666666667,0.125,24,General Edward Lawrence Logan Intl,Boston,United States,BOS,KBOS,42.364346999999995,-71.00518100000001,19,-5.0,A,America/New_York,38.852083,-77.037722
60,BOS,B6,1600,12.807692307692308,399.0,2.3076923076923075,31.73076923076923,5.384615384615385,77.23076923076923,0.07142857142857142,28,General Edward Lawrence Logan Intl,Boston,United States,BOS,KBOS,42.364346999999995,-71.00518100000001,19,-5.0,A,America/New_York,38.852083,-77.037722
61,BOS,US,2103,8.6,399.0,5.32,22.52,4.48,76.28,0.10714285714285714,28,General Edward Lawrence Logan Intl,Boston,United States,BOS,KBOS,42.364346999999995,-71.00518100000001,19,-5.0,A,America/New_York,38.852083,-77.037722
62,BOS,US,2105,16.263157894736842,399.0,-1.9473684210526316,28.105263157894736,11.157894736842104,76.94736842105263,0.05,20,General Edward Lawrence Logan Intl,Boston,United States,BOS,KBOS,42.364346999999995,-71.00518100000001,19,-5.0,A,America/New_York,38.852083,-77.037722
63,BOS,US,2107,2.4074074074074074,399.0,-3.7037037037037037,24.48148148148148,6.111111111111111,76.51851851851852,0.03571428571428571,28,General Edward Lawrence Logan Intl,Boston,United States,BOS,KBOS,42.364346999999995,-71.00518100000001,19,-5.0,A,America/New_York,38.852083,-77.037722
64,BOS,US,2109,2.4285714285714284,399.0,-5.619047619047619,19.19047619047619,5.619047619047619,73.23809523809524,0.125,24,General Edward Lawrence Logan Intl,Boston,United States,BOS,KBOS,42.364346999999995,-71.00518100000001,19,-5.0,A,America/New_York,38.852083,-77.037722
65,BOS,US,2111,0.0,399.0,-4.961538461538462,16.23076923076923,5.5,74.23076923076923,0.07142857142857142,28,General Edward Lawrence Logan Intl,Boston,United States,BOS,KBOS,42.364346999999995,-71.00518100000001,19,-5.0,A,America/New_York,38.852083,-77.037722
66,BOS,US,2113,0.0,399.0,-2.727272727272727,16.136363636363637,4.636363636363637,74.95454545454545,0.08333333333333333,24,General Edward Lawrence Logan Intl,Boston,United States,BOS,KBOS,42.364346999999995,-71.00518100000001,19,-5.0,A,America/New_York,38.852083,-77.037722
67,BOS,US,2115,6.153846153846154,399.0,-1.3461538461538463,14.73076923076923,3.6538461538461537,78.11538461538461,0.07142857142857142,28,General Edward Lawrence Logan Intl,Boston,United States,BOS,KBOS,42.364346999999995,-71.00518100000001,19,-5.0,A,America/New_York,38.852083,-77.037722
68,BOS,US,2117,17.818181818181817,399.0,6.181818181818182,21.09090909090909,3.8181818181818183,79.72727272727273,0.08333333333333333,24,General Edward Lawrence Logan Intl,Boston,United States,BOS,KBOS,42.364346999999995,-71.00518100000001,19,-5.0,A,America/New_York,38.852083,-77.037722
69,BOS,US,2119,9.409090909090908,399.0,-0.18181818181818182,18.227272727272727,7.2272727272727275,78.13636363636364,0.08333333333333333,24,General Edward Lawrence Logan Intl,Boston,United States,BOS,KBOS,42.364346999999995,-71.00518100000001,19,-5.0,A,America/New_York,38.852083,-77.037722
70,BOS,US,2121,6.92,399.0,3.28,19.88,5.84,76.92,0.10714285714285714,28,General Edward Lawrence Logan Intl,Boston,United States,BOS,KBOS,42.364346999999995,-71.00518100000001,19,-5.0,A,America/New_York,38.852083,-77.037722
71,BOS,US,2123,6.7727272727272725,399.0,1.9545454545454546,17.681818181818183,4.045454545454546,74.0909090909091,0.08333333333333333,24,General Edward Lawrence Logan Intl,Boston,United States,BOS,KBOS,42.364346999999995,-71.00518100000001,19,-5.0,A,America/New_York,38.852083,-77.037722
72,BOS,US,2125,3.272727272727273,399.0,3.3636363636363638,18.59090909090909,4.0,76.31818181818181,0.08333333333333333,24,General Edward Lawrence Logan Intl,Boston,United States,BOS,KBOS,42.364346999999995,-71.00518100000001,19,-5.0,A,America/New_York,38.852083,-77.037722
73,BOS,US,2127,19.666666666666668,399.0,15.416666666666666,22.083333333333332,4.541666666666667,75.625,0.0,24,General Edward Lawrence Logan Intl,Boston,United States,BOS,KBOS,42.364346999999995,-71.00518100000001,19,-5.0,A,America/New_York,38.852083,-77.037722
74,BOS,US,2129,6.6521739130434785,399.0,8.130434782608695,18.956521739130434,3.608695652173913,73.95652173913044,0.041666666666666664,24,General Edward Lawrence Logan Intl,Boston,United States,BOS,KBOS,42.364346999999995,-71.00518100000001,19,-5.0,A,America/New_York,38.852083,-77.037722
75,BOS,US,2131,14.090909090909092,399.0,4.863636363636363,17.545454545454547,9.409090909090908,75.27272727272727,0.08333333333333333,24,General Edward Lawrence Logan Intl,Boston,United States,BOS,KBOS,42.364346999999995,-71.00518100000001,19,-5.0,A,America/New_York,38.852083,-77.037722
76,BTR,UA,1073,4.0,985.0,16.0,11.0,3.0,129.0,0.0,1,Baton Rouge Metro Ryan Fld,Baton Rouge,United States,BTR,KBTR,30.533167,-91.14963900000001,70,-6.0,A,America/Chicago,38.852083,-77.037722
77,CLE,EV,3270,-13.5,310.0,-4.0,18.0,4.5,50.0,0.0,2,Cleveland Hopkins Intl,Cleveland,United States,CLE,KCLE,41.411689,-81.84979399999999,791,-5.0,A,America/New_York,38.852083,-77.037722
78,CLE,EV,3274,-12.0,310.0,-8.0,21.0,5.0,52.0,0.0,1,Cleveland Hopkins Intl,Cleveland,United States,CLE,KCLE,41.411689,-81.84979399999999,791,-5.0,A,America/New_York,38.852083,-77.037722
79,CLE,EV,4113,32.421052631578945,310.0,35.526315789473685,17.210526315789473,8.894736842105264,52.421052631578945,0.09523809523809523,21,Cleveland Hopkins Intl,Cleveland,United States,CLE,KCLE,41.411689,-81.84979399999999,791,-5.0,A,America/New_York,38.852083,-77.037722
80,CLT,US,856,7.115384615384615,331.0,8.846153846153847,15.346153846153847,4.423076923076923,52.73076923076923,0.07142857142857142,28,Charlotte Douglas Intl,Charlotte,United States,CLT,KCLT,35.214,-80.943139,748,-5.0,A,America/New_York,38.852083,-77.037722
81,CLT,US,1722,3.0588235294117645,331.0,1.2352941176470589,23.705882352941178,8.352941176470589,51.76470588235294,0.15,20,Charlotte Douglas Intl,Charlotte,United States,CLT,KCLT,35.214,-80.943139,748,-5.0,A,America/New_York,38.852083,-77.037722
82,CLT,US,1730,-2.1363636363636362,331.0,-0.5,21.681818181818183,4.318181818181818,51.36363636363637,0.08333333333333333,24,Charlotte Douglas Intl,Charlotte,United States,CLT,KCLT,35.214,-80.943139,748,-5.0,A,America/New_York,38.852083,-77.037722
83,CLT,US,1732,0.2631578947368421,331.0,-1.0526315789473684,14.68421052631579,11.578947368421053,50.0,0.05,20,Charlotte Douglas Intl,Charlotte,United States,CLT,KCLT,35.214,-80.943139,748,-5.0,A,America/New_York,38.852083,-77.037722
84,CLT,US,1750,6.818181818181818,331.0,11.636363636363637,13.318181818181818,5.409090909090909,51.45454545454545,0.08333333333333333,24,Charlotte Douglas Intl,Charlotte,United States,CLT,KCLT,35.214,-80.943139,748,-5.0,A,America/New_York,38.852083,-77.037722
85,CLT,US,1766,11.565217391304348,331.0,10.217391304347826,25.391304347826086,4.478260869565218,53.47826086956522,0.041666666666666664,24,Charlotte Douglas Intl,Charlotte,United States,CLT,KCLT,35.214,-80.943139,748,-5.0,A,America/New_York,38.852083,-77.037722
86,CLT,US,1768,2.5217391304347827,331.0,7.869565217391305,20.91304347826087,5.608695652173913,51.130434782608695,0.041666666666666664,24,Charlotte Douglas Intl,Charlotte,United States,CLT,KCLT,35.214,-80.943139,748,-5.0,A,America/New_York,38.852083,-77.037722
87,CLT,US,1780,3.1,331.0,3.1,18.4,4.0,53.6,0.16666666666666666,12,Charlotte Douglas Intl,Charlotte,United States,CLT,KCLT,35.214,-80.943139,748,-5.0,A,America/New_York,38.852083,-77.037722
88,CLT,US,1916,3.6363636363636362,331.0,8.227272727272727,14.590909090909092,3.5454545454545454,49.27272727272727,0.08333333333333333,24,Charlotte Douglas Intl,Charlotte,United States,CLT,KCLT,35.214,-80.943139,748,-5.0,A,America/New_York,38.852083,-77.037722
89,CVG,DL,2154,-5.0,411.0,-1.0,12.0,8.0,58.0,0.0,1,Cincinnati Northern Kentucky Intl,Cincinnati,United States,CVG,KCVG,39.048836,-84.667822,896,-5.0,A,America/New_York,38.852083,-77.037722
90,CVG,EV,5203,-18.0,411.0,-3.5,10.0,4.0,54.5,0.0,2,Cincinnati Northern Kentucky Intl,Cincinnati,United States,CVG,KCVG,39.048836,-84.667822,896,-5.0,A,America/New_York,38.852083,-77.037722
91,DEN,F9,720,39.74074074074074,1476.0,40.96296296296296,14.0,6.592592592592593,164.55555555555554,0.03571428571428571,28,Denver Intl,Denver,United States,DEN,KDEN,39.861655999999996,-104.67317800000001,5431,-7.0,A,America/Denver,38.852083,-77.037722
92,DEN,F9,724,5.357142857142857,1476.0,11.928571428571429,13.214285714285714,5.785714285714286,164.42857142857142,0.0,28,Denver Intl,Denver,United States,DEN,KDEN,39.861655999999996,-104.67317800000001,5431,-7.0,A,America/Denver,38.852083,-77.037722
93,DEN,F9,726,-3.391304347826087,1476.0,-2.130434782608696,18.608695652173914,5.260869565217392,164.8695652173913,0.041666666666666664,24,Denver Intl,Denver,United States,DEN,KDEN,39.861655999999996,-104.67317800000001,5431,-7.0,A,America/Denver,38.852083,-77.037722
94,DEN,UA,484,-4.074074074074074,1476.0,4.333333333333333,21.22222222222222,3.5185185185185186,161.85185185185185,0.03571428571428571,28,Denver Intl,Denver,United States,DEN,KDEN,39.861655999999996,-104.67317800000001,5431,-7.0,A,America/Denver,38.852083,-77.037722
95,DFW,AA,127,-9.136363636363637,1192.0,-1.7727272727272727,13.545454545454545,9.545454545454545,134.54545454545453,0.08333333333333333,24,Dallas Fort Worth Intl,Dallas-Fort Worth,United States,DFW,KDFW,32.896828,-97.037997,607,-6.0,A,America/Chicago,38.852083,-77.037722
96,DFW,AA,130,3.25,1192.0,9.375,14.0,5.791666666666667,134.08333333333334,0.14285714285714285,28,Dallas Fort Worth Intl,Dallas-Fort Worth,United States,DFW,KDFW,32.896828,-97.037997,607,-6.0,A,America/Chicago,38.852083,-77.037722
97,DFW,AA,176,-4.791666666666667,1192.0,3.7916666666666665,14.083333333333334,3.625,138.70833333333334,0.14285714285714285,28,Dallas Fort Worth Intl,Dallas-Fort Worth,United States,DFW,KDFW,32.896828,-97.037997,607,-6.0,A,America/Chicago,38.852083,-77.037722
98,DFW,AA,376,-2.739130434782609,1192.0,15.217391304347826,15.217391304347826,4.782608695652174,137.04347826086956,0.041666666666666664,24,Dallas Fort Worth Intl,Dallas-Fort Worth,United States,DFW,KDFW,32.896828,-97.037997,607,-6.0,A,America/Chicago,38.852083,-77.037722
99,DFW,AA,1018,-2.0,1192.0,7.291666666666667,14.666666666666666,4.291666666666667,131.75,0.14285714285714285,28,Dallas Fort Worth Intl,Dallas-Fort Worth,United States,DFW,KDFW,32.896828,-97.037997,607,-6.0,A,America/Chicago,38.852083,-77.037722
100,DFW,AA,1033,-2.0384615384615383,1192.0,6.8076923076923075,16.5,3.6538461538461537,136.0,0.07142857142857142,28,Dallas Fort Worth Intl,Dallas-Fort Worth,United States,DFW,KDFW,32.896828,-97.037997,607,-6.0,A,America/Chicago,38.852083,-77.037722
101,DFW,AA,1188,14.333333333333334,1192.0,17.40909090909091,14.818181818181818,3.9545454545454546,136.57142857142858,0.21428571428571427,28,Dallas Fort Worth Intl,Dallas-Fort Worth,United States,DFW,KDFW,32.896828,-97.037997,607,-6.0,A,America/Chicago,38.852083,-77.037722
102,DFW,AA,1432,8.181818181818182,1192.0,18.227272727272727,14.636363636363637,4.0,131.3181818181818,0.08333333333333333,24,Dallas Fort Worth Intl,Dallas-Fort Worth,United States,DFW,KDFW,32.896828,-97.037997,607,-6.0,A,America/Chicago,38.852083,-77.037722
103,DFW,AA,2237,-1.6923076923076923,1192.0,8.5,16.384615384615383,4.038461538461538,134.3846153846154,0.07142857142857142,28,Dallas Fort Worth Intl,Dallas-Fort Worth,United States,DFW,KDFW,32.896828,-97.037997,607,-6.0,A,America/Chicago,38.852083,-77.037722
104,DFW,AA,2270,11.24,1192.0,17.92,15.56,3.8,134.76,0.10714285714285714,28,Dallas Fort Worth Intl,Dallas-Fort Worth,United States,DFW,KDFW,32.896828,-97.037997,607,-6.0,A,America/Chicago,38.852083,-77.037722
105,DTW,DL,379,-18.0,405.0,-6.0,14.0,3.0,59.0,0.0,1,Detroit Metro Wayne Co,Detroit,United States,DTW,KDTW,42.212444,-83.353389,645,-5.0,A,America/New_York,38.852083,-77.037722
106,DTW,DL,1163,5.0,405.0,-5.0,39.0,3.0,63.0,0.0,1,Detroit Metro Wayne Co,Detroit,United States,DTW,KDTW,42.212444,-83.353389,645,-5.0,A,America/New_York,38.852083,-77.037722
107,DTW,DL,1430,,405.0,,,,,1.0,1,Detroit Metro Wayne Co,Detroit,United States,DTW,KDTW,42.212444,-83.353389,645,-5.0,A,America/New_York,38.852083,-77.037722
108,DTW,DL,1444,-10.736842105263158,405.0,-2.473684210526316,25.526315789473685,5.7368421052631575,62.36842105263158,0.05,20,Detroit Metro Wayne Co,Detroit,United States,DTW,KDTW,42.212444,-83.353389,645,-5.0,A,America/New_York,38.852083,-77.037722
109,DTW,DL,1484,-3.909090909090909,405.0,-1.2727272727272727,24.636363636363637,5.2727272727272725,61.18181818181818,0.15384615384615385,13,Detroit Metro Wayne Co,Detroit,United States,DTW,KDTW,42.212444,-83.353389,645,-5.0,A,America/New_York,38.852083,-77.037722
110,DTW,DL,1744,18.6,405.0,19.9,25.3,4.4,61.5,0.09090909090909091,11,Detroit Metro Wayne Co,Detroit,United States,DTW,KDTW,42.212444,-83.353389,645,-5.0,A,America/New_York,38.852083,-77.037722
111,DTW,DL,1782,21.928571428571427,405.0,25.571428571428573,19.571428571428573,7.0,59.142857142857146,0.0,14,Detroit Metro Wayne Co,Detroit,United States,DTW,KDTW,42.212444,-83.353389,645,-5.0,A,America/New_York,38.852083,-77.037722
112,DTW,DL,2050,-5.333333333333333,405.0,1.0,20.333333333333332,6.166666666666667,59.25,0.0,12,Detroit Metro Wayne Co,Detroit,United States,DTW,KDTW,42.212444,-83.353389,645,-5.0,A,America/New_York,38.852083,-77.037722
113,DTW,DL,2062,-7.083333333333333,405.0,1.2083333333333333,16.958333333333332,7.041666666666667,60.708333333333336,0.04,25,Detroit Metro Wayne Co,Detroit,United States,DTW,KDTW,42.212444,-83.353389,645,-5.0,A,America/New_York,38.852083,-77.037722
114,DTW,DL,2144,9.272727272727273,405.0,9.045454545454545,17.545454545454547,6.636363636363637,62.90909090909091,0.0,22,Detroit Metro Wayne Co,Detroit,United States,DTW,KDTW,42.212444,-83.353389,645,-5.0,A,America/New_York,38.852083,-77.037722
115,DTW,DL,2244,10.5625,405.0,9.625,18.875,5.5,62.5625,0.058823529411764705,17,Detroit Metro Wayne Co,Detroit,United States,DTW,KDTW,42.212444,-83.353389,645,-5.0,A,America/New_York,38.852083,-77.037722
116,DTW,EV,5062,2.6666666666666665,405.0,0.3333333333333333,24.333333333333332,6.666666666666667,64.33333333333333,0.0,3,Detroit Metro Wayne Co,Detroit,United States,DTW,KDTW,42.212444,-83.353389,645,-5.0,A,America/New_York,38.852083,-77.037722
117,DTW,EV,5160,19.5,405.0,17.5,31.0,3.5,64.5,0.0,2,Detroit Metro Wayne Co,Detroit,United States,DTW,KDTW,42.212444,-83.353389,645,-5.0,A,America/New_York,38.852083,-77.037722
118,DTW,EV,5325,244.0,405.0,256.0,13.0,2.0,70.0,0.0,1,Detroit Metro Wayne Co,Detroit,United States,DTW,KDTW,42.212444,-83.353389,645,-5.0,A,America/New_York,38.852083,-77.037722
119,DTW,EV,5355,22.0,405.0,35.5,16.0,2.5,60.0,0.0,2,Detroit Metro Wayne Co,Detroit,United States,DTW,KDTW,42.212444,-83.353389,645,-5.0,A,America/New_York,38.852083,-77.037722
120,EWR,EV,3832,26.5,199.0,31.25,14.25,11.0,46.0,0.5555555555555556,9,Newark Liberty Intl,Newark,United States,EWR,KEWR,40.6925,-74.168667,18,-5.0,A,America/New_York,38.852083,-77.037722
121,EWR,EV,3833,5.571428571428571,199.0,6.428571428571429,18.571428571428573,9.285714285714286,46.285714285714285,0.2222222222222222,9,Newark Liberty Intl,Newark,United States,EWR,KEWR,40.6925,-74.168667,18,-5.0,A,America/New_York,38.852083,-77.037722
122,EWR,EV,3838,1.75,199.0,2.5,23.25,6.0,43.0,0.5,8,Newark Liberty Intl,Newark,United States,EWR,KEWR,40.6925,-74.168667,18,-5.0,A,America/New_York,38.852083,-77.037722
123,EWR,EV,4129,64.66666666666667,199.0,65.33333333333333,16.333333333333332,6.083333333333333,44.916666666666664,0.25,16,Newark Liberty Intl,Newark,United States,EWR,KEWR,40.6925,-74.168667,18,-5.0,A,America/New_York,38.852083,-77.037722
124,EWR,EV,4148,18.0,199.0,20.5,17.0,6.5,44.0,0.0,2,Newark Liberty Intl,Newark,United States,EWR,KEWR,40.6925,-74.168667,18,-5.0,A,America/New_York,38.852083,-77.037722
125,EWR,EV,4186,18.0,199.0,26.0,14.5,6.5,41.0,0.5,4,Newark Liberty Intl,Newark,United States,EWR,KEWR,40.6925,-74.168667,18,-5.0,A,America/New_York,38.852083,-77.037722
126,EWR,EV,4241,4.6875,199.0,0.25,21.0625,6.0625,46.8125,0.2727272727272727,22,Newark Liberty Intl,Newark,United States,EWR,KEWR,40.6925,-74.168667,18,-5.0,A,America/New_York,38.852083,-77.037722
127,EWR,EV,4299,17.333333333333332,199.0,18.77777777777778,18.0,6.222222222222222,47.333333333333336,0.25,12,Newark Liberty Intl,Newark,United States,EWR,KEWR,40.6925,-74.168667,18,-5.0,A,America/New_York,38.852083,-77.037722
128,EWR,EV,4312,19.7,199.0,19.8,21.6,5.9,45.4,0.2857142857142857,14,Newark Liberty Intl,Newark,United States,EWR,KEWR,40.6925,-74.168667,18,-5.0,A,America/New_York,38.852083,-77.037722
129,EWR,EV,4372,15.8,199.0,14.9,16.8,6.7,46.4,0.2857142857142857,14,Newark Liberty Intl,Newark,United States,EWR,KEWR,40.6925,-74.168667,18,-5.0,A,America/New_York,38.852083,-77.037722
130,EWR,EV,4373,50.2,199.0,45.9,28.1,6.1,43.9,0.2857142857142857,14,Newark Liberty Intl,Newark,United States,EWR,KEWR,40.6925,-74.168667,18,-5.0,A,America/New_York,38.852083,-77.037722
131,EWR,EV,4397,17.0,199.0,22.0,16.333333333333332,7.166666666666667,41.5,0.25,8,Newark Liberty Intl,Newark,United States,EWR,KEWR,40.6925,-74.168667,18,-5.0,A,America/New_York,38.852083,-77.037722
132,EWR,EV,4635,-10.0,199.0,-4.0,14.0,9.0,44.0,0.5,2,Newark Liberty Intl,Newark,United States,EWR,KEWR,40.6925,-74.168667,18,-5.0,A,America/New_York,38.852083,-77.037722
133,EWR,EV,4636,16.22222222222222,199.0,12.0,27.88888888888889,5.0,48.333333333333336,0.35714285714285715,14,Newark Liberty Intl,Newark,United States,EWR,KEWR,40.6925,-74.168667,18,-5.0,A,America/New_York,38.852083,-77.037722
134,FLL,B6,1380,-7.0,899.0,-1.5,17.5,4.5,119.5,0.0,2,Fort Lauderdale Hollywood Intl,Fort Lauderdale,United States,FLL,KFLL,26.072582999999998,-80.15275,9,-5.0,A,America/New_York,38.852083,-77.037722
135,FLL,B6,1480,-5.111111111111111,899.0,3.4814814814814814,15.592592592592593,4.296296296296297,117.62962962962963,0.03571428571428571,28,Fort Lauderdale Hollywood Intl,Fort Lauderdale,United States,FLL,KFLL,26.072582999999998,-80.15275,9,-5.0,A,America/New_York,38.852083,-77.037722
136,FLL,B6,1580,4.461538461538462,899.0,10.23076923076923,20.307692307692307,4.230769230769231,119.84615384615384,0.07142857142857142,28,Fort Lauderdale Hollywood Intl,Fort Lauderdale,United States,FLL,KFLL,26.072582999999998,-80.15275,9,-5.0,A,America/New_York,38.852083,-77.037722
137,FLL,B6,1680,29.043478260869566,899.0,33.69565217391305,18.52173913043478,6.913043478260869,119.04347826086956,0.11538461538461539,26,Fort Lauderdale Hollywood Intl,Fort Lauderdale,United States,FLL,KFLL,26.072582999999998,-80.15275,9,-5.0,A,America/New_York,38.852083,-77.037722
138,FLL,US,1716,-0.5,899.0,2.0,20.0,4.0,118.5,0.0,2,Fort Lauderdale Hollywood Intl,Fort Lauderdale,United States,FLL,KFLL,26.072582999999998,-80.15275,9,-5.0,A,America/New_York,38.852083,-77.037722
139,FLL,US,1720,2.8846153846153846,899.0,17.74074074074074,15.153846153846153,4.8076923076923075,117.38461538461539,0.07142857142857142,28,Fort Lauderdale Hollywood Intl,Fort Lauderdale,United States,FLL,KFLL,26.072582999999998,-80.15275,9,-5.0,A,America/New_York,38.852083,-77.037722
140,FLL,US,1780,46.0,899.0,51.5,12.0,3.5,123.0,0.0,2,Fort Lauderdale Hollywood Intl,Fort Lauderdale,United States,FLL,KFLL,26.072582999999998,-80.15275,9,-5.0,A,America/New_York,38.852083,-77.037722
141,FLL,US,1856,1.2173913043478262,899.0,4.043478260869565,13.391304347826088,6.043478260869565,122.73913043478261,0.041666666666666664,24,Fort Lauderdale Hollywood Intl,Fort Lauderdale,United States,FLL,KFLL,26.072582999999998,-80.15275,9,-5.0,A,America/New_York,38.852083,-77.037722
142,FLL,US,1990,-3.0833333333333335,899.0,3.5,15.5,4.166666666666667,117.75,0.0,12,Fort Lauderdale Hollywood Intl,Fort Lauderdale,United States,FLL,KFLL,26.072582999999998,-80.15275,9,-5.0,A,America/New_York,38.852083,-77.037722
143,FLL,US,1992,7.48,899.0,7.4,18.6,4.6,121.88,0.038461538461538464,26,Fort Lauderdale Hollywood Intl,Fort Lauderdale,United States,FLL,KFLL,26.072582999999998,-80.15275,9,-5.0,A,America/New_York,38.852083,-77.037722
144,FLL,US,2007,34.583333333333336,899.0,33.083333333333336,16.75,5.166666666666667,123.58333333333333,0.0,12,Fort Lauderdale Hollywood Intl,Fort Lauderdale,United States,FLL,KFLL,26.072582999999998,-80.15275,9,-5.0,A,America/New_York,38.852083,-77.037722
145,HOU,WN,45,-1.25,1218.0,13.375,10.0,6.375,139.0,0.1111111111111111,9,William P Hobby,Houston,United States,HOU,KHOU,29.645419,-95.278889,46,-6.0,A,America/Chicago,38.852083,-77.037722
146,HOU,WN,137,0.5,1218.0,3.5,9.0,3.5,154.5,0.0,2,William P Hobby,Houston,United States,HOU,KHOU,29.645419,-95.278889,46,-6.0,A,America/Chicago,38.852083,-77.037722
147,HOU,WN,321,,1218.0,,,,,1.0,1,William P Hobby,Houston,United States,HOU,KHOU,29.645419,-95.278889,46,-6.0,A,America/Chicago,38.852083,-77.037722
148,HOU,WN,389,9.076923076923077,1218.0,18.153846153846153,8.76923076923077,5.6923076923076925,146.46153846153845,0.0,13,William P Hobby,Houston,United States,HOU,KHOU,29.645419,-95.278889,46,-6.0,A,America/Chicago,38.852083,-77.037722
149,HOU,WN,500,1.0,1218.0,20.0,8.0,6.0,137.0,0.0,1,William P Hobby,Houston,United States,HOU,KHOU,29.645419,-95.278889,46,-6.0,A,America/Chicago,38.852083,-77.037722
150,HOU,WN,1095,-6.818181818181818,1218.0,-0.6363636363636364,9.818181818181818,5.454545454545454,148.54545454545453,0.0,11,William P Hobby,Houston,United States,HOU,KHOU,29.645419,-95.278889,46,-6.0,A,America/Chicago,38.852083,-77.037722
151,HOU,WN,1226,,1218.0,,,,,1.0,1,William P Hobby,Houston,United States,HOU,KHOU,29.645419,-95.278889,46,-6.0,A,America/Chicago,38.852083,-77.037722
152,HOU,WN,1300,-1.0,1218.0,9.5,6.5,6.0,147.0,0.0,2,William P Hobby,Houston,United States,HOU,KHOU,29.645419,-95.278889,46,-6.0,A,America/Chicago,38.852083,-77.037722
153,HOU,WN,2428,-1.1666666666666667,1218.0,6.5,11.5,5.416666666666667,145.41666666666666,0.0,12,William P Hobby,Houston,United States,HOU,KHOU,29.645419,-95.278889,46,-6.0,A,America/Chicago,38.852083,-77.037722
154,HOU,WN,2463,13.5,1218.0,31.5,6.5,5.0,140.5,0.0,2,William P Hobby,Houston,United States,HOU,KHOU,29.645419,-95.278889,46,-6.0,A,America/Chicago,38.852083,-77.037722
155,HOU,WN,2792,-7.5,1218.0,-1.0,6.0,8.0,149.5,0.0,2,William P Hobby,Houston,United States,HOU,KHOU,29.645419,-95.278889,46,-6.0,A,America/Chicago,38.852083,-77.037722
156,IAH,UA,204,59.0,1208.0,61.0,17.0,12.0,142.0,0.0,1,George Bush Intercontinental,Houston,United States,IAH,KIAH,29.984433000000003,-95.341442,97,-6.0,A,America/Chicago,38.852083,-77.037722
157,IAH,UA,207,-12.285714285714286,1208.0,1.7142857142857142,16.714285714285715,3.642857142857143,139.64285714285714,0.125,16,George Bush Intercontinental,Houston,United States,IAH,KIAH,29.984433000000003,-95.341442,97,-6.0,A,America/Chicago,38.852083,-77.037722
158,IAH,UA,226,-10.0,1208.0,6.0,15.0,3.0,137.0,0.0,1,George Bush Intercontinental,Houston,United States,IAH,KIAH,29.984433000000003,-95.341442,97,-6.0,A,America/Chicago,38.852083,-77.037722
159,IAH,UA,250,0.0,1208.0,-4.666666666666667,24.333333333333332,3.3333333333333335,150.33333333333334,0.0,3,George Bush Intercontinental,Houston,United States,IAH,KIAH,29.984433000000003,-95.341442,97,-6.0,A,America/Chicago,38.852083,-77.037722
160,IAH,UA,259,-4.0,1208.0,15.0,11.0,3.0,146.0,0.0,1,George Bush Intercontinental,Houston,United States,IAH,KIAH,29.984433000000003,-95.341442,97,-6.0,A,America/Chicago,38.852083,-77.037722
161,IAH,UA,260,-6.833333333333333,1208.0,5.5,18.0,5.333333333333333,137.33333333333334,0.0,6,George Bush Intercontinental,Houston,United States,IAH,KIAH,29.984433000000003,-95.341442,97,-6.0,A,America/Chicago,38.852083,-77.037722
162,IAH,UA,277,-18.0,1208.0,-1.0,17.0,4.0,136.0,0.5,2,George Bush Intercontinental,Houston,United States,IAH,KIAH,29.984433000000003,-95.341442,97,-6.0,A,America/Chicago,38.852083,-77.037722
163,IAH,UA,299,24.555555555555557,1208.0,31.88888888888889,17.333333333333332,5.555555555555555,140.77777777777777,0.1,10,George Bush Intercontinental,Houston,United States,IAH,KIAH,29.984433000000003,-95.341442,97,-6.0,A,America/Chicago,38.852083,-77.037722
164,IAH,UA,323,8.555555555555555,1208.0,17.5,16.77777777777778,4.777777777777778,142.5,0.0,18,George Bush Intercontinental,Houston,United States,IAH,KIAH,29.984433000000003,-95.341442,97,-6.0,A,America/Chicago,38.852083,-77.037722
165,IAH,UA,326,-15.666666666666666,1208.0,4.666666666666667,17.333333333333332,5.0,134.0,0.0,3,George Bush Intercontinental,Houston,United States,IAH,KIAH,29.984433000000003,-95.341442,97,-6.0,A,America/Chicago,38.852083,-77.037722
166,IAH,UA,327,-6.2,1208.0,5.1,17.7,4.6,139.9,0.09090909090909091,11,George Bush Intercontinental,Houston,United States,IAH,KIAH,29.984433000000003,-95.341442,97,-6.0,A,America/Chicago,38.852083,-77.037722
167,IAH,UA,335,-10.625,1208.0,7.5,17.75,5.125,131.0,0.0,8,George Bush Intercontinental,Houston,United States,IAH,KIAH,29.984433000000003,-95.341442,97,-6.0,A,America/Chicago,38.852083,-77.037722
168,IAH,UA,366,-12.5,1208.0,-1.5,18.5,4.5,145.0,0.0,2,George Bush Intercontinental,Houston,United States,IAH,KIAH,29.984433000000003,-95.341442,97,-6.0,A,America/Chicago,38.852083,-77.037722
169,IAH,UA,404,-3.4615384615384617,1208.0,8.615384615384615,16.076923076923077,4.615384615384615,140.76923076923077,0.07142857142857142,14,George Bush Intercontinental,Houston,United States,IAH,KIAH,29.984433000000003,-95.341442,97,-6.0,A,America/Chicago,38.852083,-77.037722
170,IAH,UA,572,-25.0,1208.0,-3.5,13.166666666666666,8.333333333333334,136.0,0.0,6,George Bush Intercontinental,Houston,United States,IAH,KIAH,29.984433000000003,-95.341442,97,-6.0,A,America/Chicago,38.852083,-77.037722
171,IAH,UA,628,2.8,1208.0,19.2,15.8,7.6,133.2,0.16666666666666666,6,George Bush Intercontinental,Houston,United States,IAH,KIAH,29.984433000000003,-95.341442,97,-6.0,A,America/Chicago,38.852083,-77.037722
172,IAH,UA,650,-23.0,1208.0,-3.0,25.0,4.0,130.0,0.0,1,George Bush Intercontinental,Houston,United States,IAH,KIAH,29.984433000000003,-95.341442,97,-6.0,A,America/Chicago,38.852083,-77.037722
173,IAH,UA,669,-2.466666666666667,1208.0,7.666666666666667,20.733333333333334,4.333333333333333,139.66666666666666,0.0,15,George Bush Intercontinental,Houston,United States,IAH,KIAH,29.984433000000003,-95.341442,97,-6.0,A,America/Chicago,38.852083,-77.037722
174,IAH,UA,740,0.0,1208.0,-2.0,18.0,4.0,159.0,0.0,1,George Bush Intercontinental,Houston,United States,IAH,KIAH,29.984433000000003,-95.341442,97,-6.0,A,America/Chicago,38.852083,-77.037722
175,IAH,UA,790,2.5,1208.0,12.5,18.0,6.0,139.0,0.0,2,George Bush Intercontinental,Houston,United States,IAH,KIAH,29.984433000000003,-95.341442,97,-6.0,A,America/Chicago,38.852083,-77.037722
176,IAH,UA,795,-6.0,1208.0,0.2727272727272727,19.90909090909091,5.0,142.8181818181818,0.15384615384615385,13,George Bush Intercontinental,Houston,United States,IAH,KIAH,29.984433000000003,-95.341442,97,-6.0,A,America/Chicago,38.852083,-77.037722
177,IAH,UA,1011,13.0,1208.0,45.0,9.0,3.0,136.0,0.0,1,George Bush Intercontinental,Houston,United States,IAH,KIAH,29.984433000000003,-95.341442,97,-6.0,A,America/Chicago,38.852083,-77.037722
178,IAH,UA,1031,26.0,1208.0,46.5,10.5,9.0,134.0,0.0,2,George Bush Intercontinental,Houston,United States,IAH,KIAH,29.984433000000003,-95.341442,97,-6.0,A,America/Chicago,38.852083,-77.037722
179,IAH,UA,1057,-7.0,1208.0,-4.0,13.0,7.0,151.0,0.0,1,George Bush Intercontinental,Houston,United States,IAH,KIAH,29.984433000000003,-95.341442,97,-6.0,A,America/Chicago,38.852083,-77.037722
180,IAH,UA,1059,-22.5,1208.0,-2.5,12.0,4.5,137.5,0.0,2,George Bush Intercontinental,Houston,United States,IAH,KIAH,29.984433000000003,-95.341442,97,-6.0,A,America/Chicago,38.852083,-77.037722
181,IAH,UA,1088,-11.0,1208.0,-2.0,15.0,3.0,148.0,0.0,1,George Bush Intercontinental,Houston,United States,IAH,KIAH,29.984433000000003,-95.341442,97,-6.0,A,America/Chicago,38.852083,-77.037722
182,IAH,UA,1151,-2.0,1208.0,20.0,10.5,4.5,136.0,0.0,2,George Bush Intercontinental,Houston,United States,IAH,KIAH,29.984433000000003,-95.341442,97,-6.0,A,America/Chicago,38.852083,-77.037722
183,IAH,UA,1212,-11.7,1208.0,-0.6,15.3,5.0,142.6,0.23076923076923078,13,George Bush Intercontinental,Houston,United States,IAH,KIAH,29.984433000000003,-95.341442,97,-6.0,A,America/Chicago,38.852083,-77.037722
184,IAH,UA,1405,-3.7142857142857144,1208.0,0.0,17.857142857142858,6.142857142857143,145.57142857142858,0.0,7,George Bush Intercontinental,Houston,United States,IAH,KIAH,29.984433000000003,-95.341442,97,-6.0,A,America/Chicago,38.852083,-77.037722
185,IAH,UA,1427,-6.666666666666667,1208.0,12.166666666666666,13.166666666666666,8.333333333333334,139.66666666666666,0.0,6,George Bush Intercontinental,Houston,United States,IAH,KIAH,29.984433000000003,-95.341442,97,-6.0,A,America/Chicago,38.852083,-77.037722
186,IAH,UA,1453,8.5,1208.0,26.5,12.0,4.0,138.0,0.0,2,George Bush Intercontinental,Houston,United States,IAH,KIAH,29.984433000000003,-95.341442,97,-6.0,A,America/Chicago,38.852083,-77.037722
187,IAH,UA,1478,-16.2,1208.0,-0.4,19.2,4.8,134.2,0.2857142857142857,7,George Bush Intercontinental,Houston,United States,IAH,KIAH,29.984433000000003,-95.341442,97,-6.0,A,America/Chicago,38.852083,-77.037722
188,IAH,UA,1501,-8.333333333333334,1208.0,-2.0,21.666666666666668,4.333333333333333,147.66666666666666,0.25,4,George Bush Intercontinental,Houston,United States,IAH,KIAH,29.984433000000003,-95.341442,97,-6.0,A,America/Chicago,38.852083,-77.037722
189,IAH,UA,1541,-4.111111111111111,1208.0,1.0,18.666666666666668,6.555555555555555,143.55555555555554,0.0,9,George Bush Intercontinental,Houston,United States,IAH,KIAH,29.984433000000003,-95.341442,97,-6.0,A,America/Chicago,38.852083,-77.037722
190,IAH,UA,1546,-31.0,1208.0,0.0,14.0,4.0,125.0,0.0,1,George Bush Intercontinental,Houston,United States,IAH,KIAH,29.984433000000003,-95.341442,97,-6.0,A,America/Chicago,38.852083,-77.037722
191,IAH,UA,1733,-22.0,1208.0,-1.0,11.0,4.0,139.0,0.0,1,George Bush Intercontinental,Houston,United States,IAH,KIAH,29.984433000000003,-95.341442,97,-6.0,A,America/Chicago,38.852083,-77.037722
192,JFK,MQ,3225,21.692307692307693,213.0,22.0,19.615384615384617,4.615384615384615,45.46153846153846,0.23529411764705882,17,John F Kennedy Intl,New York,United States,JFK,KJFK,40.639751000000004,-73.778925,13,-5.0,A,America/New_York,38.852083,-77.037722
193,JFK,MQ,3230,4.875,213.0,7.0,16.75,5.375,45.75,0.2727272727272727,11,John F Kennedy Intl,New York,United States,JFK,KJFK,40.639751000000004,-73.778925,13,-5.0,A,America/New_York,38.852083,-77.037722
194,JFK,MQ,3365,6.36,213.0,10.08,27.24,6.24,47.8,0.10714285714285714,28,John F Kennedy Intl,New York,United States,JFK,KJFK,40.639751000000004,-73.778925,13,-5.0,A,America/New_York,38.852083,-77.037722
195,JFK,MQ,3370,-2.5652173913043477,213.0,-1.0,25.17391304347826,6.304347826086956,46.95652173913044,0.17857142857142858,28,John F Kennedy Intl,New York,United States,JFK,KJFK,40.639751000000004,-73.778925,13,-5.0,A,America/New_York,38.852083,-77.037722
196,JFK,MQ,3386,8.458333333333334,213.0,10.458333333333334,17.583333333333332,7.458333333333333,47.958333333333336,0.14285714285714285,28,John F Kennedy Intl,New York,United States,JFK,KJFK,40.639751000000004,-73.778925,13,-5.0,A,America/New_York,38.852083,-77.037722
197,JFK,MQ,3425,4.458333333333333,213.0,9.5,29.166666666666668,8.583333333333334,47.208333333333336,0.14285714285714285,28,John F Kennedy Intl,New York,United States,JFK,KJFK,40.639751000000004,-73.778925,13,-5.0,A,America/New_York,38.852083,-77.037722
198,JFK,MQ,3621,-7.407407407407407,213.0,-4.37037037037037,24.0,3.5555555555555554,44.407407407407405,0.03571428571428571,28,John F Kennedy Intl,New York,United States,JFK,KJFK,40.639751000000004,-73.778925,13,-5.0,A,America/New_York,38.852083,-77.037722
199,LAS,US,478,-12.481481481481481,2089.0,1.4814814814814814,14.185185185185185,5.851851851851852,228.0,0.03571428571428571,28,Mc Carran Intl,Las Vegas,United States,LAS,KLAS,36.080056,-115.15225,2141,-8.0,A,America/Los_Angeles,38.852083,-77.037722
200,LAX,AA,240,-16.14814814814815,2311.0,-2.2962962962962963,17.296296296296298,4.888888888888889,253.96296296296296,0.03571428571428571,28,Los Angeles Intl,Los Angeles,United States,LAX,KLAX,33.942536,-118.408075,126,-8.0,A,America/Los_Angeles,38.852083,-77.037722
201,LAX,AS,6,-12.653846153846153,2311.0,3.423076923076923,15.961538461538462,3.269230769230769,253.69230769230768,0.07142857142857142,28,Los Angeles Intl,Los Angeles,United States,LAX,KLAX,33.942536,-118.408075,126,-8.0,A,America/Los_Angeles,38.852083,-77.037722
202,LGA,US,2167,3.3529411764705883,214.0,-5.529411764705882,19.41176470588235,3.3529411764705883,45.11764705882353,0.15,20,La Guardia,New York,United States,LGA,KLGA,40.777245,-73.872608,22,-5.0,A,America/New_York,38.852083,-77.037722
203,LGA,US,2169,12.277777777777779,214.0,4.166666666666667,21.444444444444443,7.388888888888889,49.27777777777778,0.1,20,La Guardia,New York,United States,LGA,KLGA,40.777245,-73.872608,22,-5.0,A,America/New_York,38.852083,-77.037722
204,LGA,US,2171,1.8125,214.0,-6.25,26.0625,8.875,51.125,0.2,20,La Guardia,New York,United States,LGA,KLGA,40.777245,-73.872608,22,-5.0,A,America/New_York,38.852083,-77.037722
205,LGA,US,2173,-4.2727272727272725,214.0,1.5454545454545454,25.09090909090909,4.681818181818182,48.40909090909091,0.21428571428571427,28,La Guardia,New York,United States,LGA,KLGA,40.777245,-73.872608,22,-5.0,A,America/New_York,38.852083,-77.037722
206,LGA,US,2175,0.07142857142857142,214.0,-5.785714285714286,31.428571428571427,6.214285714285714,48.214285714285715,0.3,20,La Guardia,New York,United States,LGA,KLGA,40.777245,-73.872608,22,-5.0,A,America/New_York,38.852083,-77.037722
207,LGA,US,2177,-1.0476190476190477,214.0,-0.8095238095238095,22.476190476190474,3.4285714285714284,46.857142857142854,0.25,28,La Guardia,New York,United States,LGA,KLGA,40.777245,-73.872608,22,-5.0,A,America/New_York,38.852083,-77.037722
208,LGA,US,2179,8.6,214.0,3.5,23.55,4.25,51.3,0.16666666666666666,24,La Guardia,New York,United States,LGA,KLGA,40.777245,-73.872608,22,-5.0,A,America/New_York,38.852083,-77.037722
209,LGA,US,2181,10.583333333333334,214.0,1.7916666666666667,26.083333333333332,4.166666666666667,51.541666666666664,0.14285714285714285,28,La Guardia,New York,United States,LGA,KLGA,40.777245,-73.872608,22,-5.0,A,America/New_York,38.852083,-77.037722
210,LGA,US,2183,2.9444444444444446,214.0,3.388888888888889,19.38888888888889,5.722222222222222,46.44444444444444,0.25,24,La Guardia,New York,United States,LGA,KLGA,40.777245,-73.872608,22,-5.0,A,America/New_York,38.852083,-77.037722
211,LGA,US,2185,0.16666666666666666,214.0,0.3888888888888889,23.38888888888889,4.611111111111111,50.77777777777778,0.25,24,La Guardia,New York,United States,LGA,KLGA,40.777245,-73.872608,22,-5.0,A,America/New_York,38.852083,-77.037722
212,LGA,US,2187,6.913043478260869,214.0,10.173913043478262,26.08695652173913,3.739130434782609,47.91304347826087,0.041666666666666664,24,La Guardia,New York,United States,LGA,KLGA,40.777245,-73.872608,22,-5.0,A,America/New_York,38.852083,-77.037722
213,LGA,US,2189,0.4,214.0,0.2,25.15,5.25,49.8,0.16666666666666666,24,La Guardia,New York,United States,LGA,KLGA,40.777245,-73.872608,22,-5.0,A,America/New_York,38.852083,-77.037722
214,LGA,US,2191,6.6,214.0,6.4,26.05,4.45,48.7,0.16666666666666666,24,La Guardia,New York,United States,LGA,KLGA,40.777245,-73.872608,22,-5.0,A,America/New_York,38.852083,-77.037722
215,LGA,US,2193,-0.7272727272727273,214.0,-0.13636363636363635,24.136363636363637,4.590909090909091,47.68181818181818,0.08333333333333333,24,La Guardia,New York,United States,LGA,KLGA,40.777245,-73.872608,22,-5.0,A,America/New_York,38.852083,-77.037722
216,LGA,US,2195,0.5555555555555556,214.0,2.611111111111111,23.61111111111111,3.7222222222222223,50.611111111111114,0.25,24,La Guardia,New York,United States,LGA,KLGA,40.777245,-73.872608,22,-5.0,A,America/New_York,38.852083,-77.037722
217,LGA,US,2197,11.363636363636363,214.0,12.545454545454545,17.181818181818183,10.909090909090908,45.72727272727273,0.08333333333333333,24,La Guardia,New York,United States,LGA,KLGA,40.777245,-73.872608,22,-5.0,A,America/New_York,38.852083,-77.037722
218,MCI,FL,1744,-17.0,949.0,-2.1538461538461537,12.615384615384615,6.230769230769231,111.3076923076923,0.13333333333333333,15,Kansas City Intl,Kansas City,United States,MCI,KMCI,39.297606,-94.71390500000001,1026,-6.0,A,America/Chicago,38.852083,-77.037722
219,MCI,WN,4852,-14.7,949.0,1.9,9.1,5.2,114.1,0.23076923076923078,13,Kansas City Intl,Kansas City,United States,MCI,KMCI,39.297606,-94.71390500000001,1026,-6.0,A,America/Chicago,38.852083,-77.037722
220,MCO,B6,724,6.7407407407407405,759.0,10.814814814814815,19.59259259259259,4.962962962962963,100.37037037037037,0.03571428571428571,28,Orlando Intl,Orlando,United States,MCO,KMCO,28.429394,-81.308994,96,-5.0,A,America/New_York,38.852083,-77.037722
221,MCO,B6,824,-7.88,759.0,-0.92,16.72,5.72,99.8,0.10714285714285714,28,Orlando Intl,Orlando,United States,MCO,KMCO,28.429394,-81.308994,96,-5.0,A,America/New_York,38.852083,-77.037722
222,MCO,B6,2224,20.51851851851852,759.0,25.925925925925927,19.037037037037038,5.037037037037037,99.62962962962963,0.03571428571428571,28,Orlando Intl,Orlando,United States,MCO,KMCO,28.429394,-81.308994,96,-5.0,A,America/New_York,38.852083,-77.037722
223,MCO,US,760,-7.2592592592592595,759.0,-4.814814814814815,14.777777777777779,6.111111111111111,99.81481481481481,0.03571428571428571,28,Orlando Intl,Orlando,United States,MCO,KMCO,28.429394,-81.308994,96,-5.0,A,America/New_York,38.852083,-77.037722
224,MCO,US,849,-2.1666666666666665,759.0,1.8333333333333333,15.833333333333334,5.083333333333333,98.08333333333333,0.0,12,Orlando Intl,Orlando,United States,MCO,KMCO,28.429394,-81.308994,96,-5.0,A,America/New_York,38.852083,-77.037722
225,MCO,US,862,11.148148148148149,759.0,10.703703703703704,17.59259259259259,6.37037037037037,101.48148148148148,0.03571428571428571,28,Orlando Intl,Orlando,United States,MCO,KMCO,28.429394,-81.308994,96,-5.0,A,America/New_York,38.852083,-77.037722
226,MCO,US,1872,10.0,759.0,10.8,16.866666666666667,5.266666666666667,102.06666666666666,0.0625,16,Orlando Intl,Orlando,United States,MCO,KMCO,28.429394,-81.308994,96,-5.0,A,America/New_York,38.852083,-77.037722
227,MCO,US,1874,14.454545454545455,759.0,18.818181818181817,16.318181818181817,5.090909090909091,99.22727272727273,0.08333333333333333,24,Orlando Intl,Orlando,United States,MCO,KMCO,28.429394,-81.308994,96,-5.0,A,America/New_York,38.852083,-77.037722
228,MCO,US,1880,9.576923076923077,759.0,10.0,15.576923076923077,8.884615384615385,100.11538461538461,0.07142857142857142,28,Orlando Intl,Orlando,United States,MCO,KMCO,28.429394,-81.308994,96,-5.0,A,America/New_York,38.852083,-77.037722
229,MCO,US,1926,-7.181818181818182,759.0,-3.1666666666666665,16.583333333333332,5.5,96.27272727272727,0.0,12,Orlando Intl,Orlando,United States,MCO,KMCO,28.429394,-81.308994,96,-5.0,A,America/New_York,38.852083,-77.037722
230,MCO,US,1947,36.5,759.0,42.6,20.666666666666668,5.428571428571429,101.71428571428571,0.0625,16,Orlando Intl,Orlando,United States,MCO,KMCO,28.429394,-81.308994,96,-5.0,A,America/New_York,38.852083,-77.037722
231,MIA,AA,152,-7.851851851851852,919.0,-3.185185185185185,14.481481481481481,4.555555555555555,124.25925925925925,0.03571428571428571,28,Miami Intl,Miami,United States,MIA,KMIA,25.79325,-80.29055600000001,8,-5.0,A,America/New_York,38.852083,-77.037722
232,MIA,AA,230,1.6296296296296295,919.0,8.666666666666666,13.481481481481481,3.888888888888889,120.5925925925926,0.03571428571428571,28,Miami Intl,Miami,United States,MIA,KMIA,25.79325,-80.29055600000001,8,-5.0,A,America/New_York,38.852083,-77.037722
233,MIA,AA,363,-0.25,919.0,4.0,13.0,4.75,123.0,0.0,4,Miami Intl,Miami,United States,MIA,KMIA,25.79325,-80.29055600000001,8,-5.0,A,America/New_York,38.852083,-77.037722
234,MIA,AA,1227,-1.7037037037037037,919.0,4.592592592592593,13.407407407407407,4.481481481481482,120.81481481481481,0.03571428571428571,28,Miami Intl,Miami,United States,MIA,KMIA,25.79325,-80.29055600000001,8,-5.0,A,America/New_York,38.852083,-77.037722
235,MIA,AA,1261,-1.5384615384615385,919.0,3.769230769230769,15.192307692307692,4.538461538461538,119.96153846153847,0.07142857142857142,28,Miami Intl,Miami,United States,MIA,KMIA,25.79325,-80.29055600000001,8,-5.0,A,America/New_York,38.852083,-77.037722
236,MIA,AA,1287,6.333333333333333,919.0,8.11111111111111,14.74074074074074,3.7037037037037037,119.77777777777777,0.03571428571428571,28,Miami Intl,Miami,United States,MIA,KMIA,25.79325,-80.29055600000001,8,-5.0,A,America/New_York,38.852083,-77.037722
237,MIA,AA,1486,6.653846153846154,919.0,8.423076923076923,15.923076923076923,4.6923076923076925,122.61538461538461,0.07142857142857142,28,Miami Intl,Miami,United States,MIA,KMIA,25.79325,-80.29055600000001,8,-5.0,A,America/New_York,38.852083,-77.037722
238,MIA,AA,1550,-11.181818181818182,919.0,-2.3636363636363638,13.818181818181818,10.272727272727273,117.0909090909091,0.0,11,Miami Intl,Miami,United States,MIA,KMIA,25.79325,-80.29055600000001,8,-5.0,A,America/New_York,38.852083,-77.037722
239,MIA,AA,2206,14.526315789473685,919.0,18.36842105263158,17.57894736842105,4.0,119.57894736842105,0.05,20,Miami Intl,Miami,United States,MIA,KMIA,25.79325,-80.29055600000001,8,-5.0,A,America/New_York,38.852083,-77.037722
240,MIA,AA,2225,-3.0,919.0,-3.4375,15.5625,6.0625,128.8125,0.058823529411764705,17,Miami Intl,Miami,United States,MIA,KMIA,25.79325,-80.29055600000001,8,-5.0,A,America/New_York,38.852083,-77.037722
241,MIA,AA,2326,-4.0,919.0,-2.8076923076923075,17.615384615384617,4.8076923076923075,121.38461538461539,0.07142857142857142,28,Miami Intl,Miami,United States,MIA,KMIA,25.79325,-80.29055600000001,8,-5.0,A,America/New_York,38.852083,-77.037722
242,MIA,AA,2382,-0.44,919.0,1.04,14.6,4.6,119.32,0.10714285714285714,28,Miami Intl,Miami,United States,MIA,KMIA,25.79325,-80.29055600000001,8,-5.0,A,America/New_York,38.852083,-77.037722
243,MKE,FL,124,10.5,634.0,-3.0,29.5,4.5,84.5,0.0,2,General Mitchell Intl,Milwaukee,United States,MKE,KMKE,42.947222,-87.89658299999999,723,-6.0,A,America/Chicago,38.852083,-77.037722
244,MKE,FL,137,12.0,634.0,-6.0,34.5,5.0,83.5,0.0,2,General Mitchell Intl,Milwaukee,United States,MKE,KMKE,42.947222,-87.89658299999999,723,-6.0,A,America/Chicago,38.852083,-77.037722
245,MKE,FL,141,-7.5,634.0,-7.0,17.5,4.5,82.5,0.0,2,General Mitchell Intl,Milwaukee,United States,MKE,KMKE,42.947222,-87.89658299999999,723,-6.0,A,America/Chicago,38.852083,-77.037722
246,MKE,FL,332,-10.333333333333334,634.0,-5.5,9.166666666666666,5.416666666666667,85.58333333333333,0.14285714285714285,14,General Mitchell Intl,Milwaukee,United States,MKE,KMKE,42.947222,-87.89658299999999,723,-6.0,A,America/Chicago,38.852083,-77.037722
247,MKE,FL,422,-13.4,634.0,-8.2,10.9,5.5,83.4,0.0,10,General Mitchell Intl,Milwaukee,United States,MKE,KMKE,42.947222,-87.89658299999999,723,-6.0,A,America/Chicago,38.852083,-77.037722
248,MKE,FL,441,-8.6,634.0,-5.1,14.0,5.1,82.4,0.0,10,General Mitchell Intl,Milwaukee,United States,MKE,KMKE,42.947222,-87.89658299999999,723,-6.0,A,America/Chicago,38.852083,-77.037722
249,MKE,FL,548,-4.357142857142857,634.0,-1.9285714285714286,13.214285714285714,5.571428571428571,83.78571428571429,0.125,16,General Mitchell Intl,Milwaukee,United States,MKE,KMKE,42.947222,-87.89658299999999,723,-6.0,A,America/Chicago,38.852083,-77.037722
250,MKE,FL,549,0.0,634.0,5.5,8.5,6.0,85.0,0.0,2,General Mitchell Intl,Milwaukee,United States,MKE,KMKE,42.947222,-87.89658299999999,723,-6.0,A,America/Chicago,38.852083,-77.037722
251,MKE,FL,688,-7.555555555555555,634.0,-6.333333333333333,10.777777777777779,6.666666666666667,86.33333333333333,0.1,10,General Mitchell Intl,Milwaukee,United States,MKE,KMKE,42.947222,-87.89658299999999,723,-6.0,A,America/Chicago,38.852083,-77.037722
252,MKE,FL,727,-20.5,634.0,-7.0,8.0,4.0,79.5,0.0,2,General Mitchell Intl,Milwaukee,United States,MKE,KMKE,42.947222,-87.89658299999999,723,-6.0,A,America/Chicago,38.852083,-77.037722
253,MKE,FL,892,-10.3,634.0,-6.7,13.1,5.2,82.1,0.0,10,General Mitchell Intl,Milwaukee,United States,MKE,KMKE,42.947222,-87.89658299999999,723,-6.0,A,America/Chicago,38.852083,-77.037722
254,MKE,FL,908,6.384615384615385,634.0,7.461538461538462,12.461538461538462,6.461538461538462,85.0,0.07142857142857142,14,General Mitchell Intl,Milwaukee,United States,MKE,KMKE,42.947222,-87.89658299999999,723,-6.0,A,America/Chicago,38.852083,-77.037722
255,MKE,FL,1182,-2.8461538461538463,634.0,-3.3846153846153846,14.692307692307692,5.230769230769231,84.61538461538461,0.07142857142857142,14,General Mitchell Intl,Milwaukee,United States,MKE,KMKE,42.947222,-87.89658299999999,723,-6.0,A,America/Chicago,38.852083,-77.037722
256,MSP,DL,1464,-4.894736842105263,931.0,-0.5789473684210527,27.0,5.052631578947368,112.63157894736842,0.05,20,Minneapolis St Paul Intl,Minneapolis,United States,MSP,KMSP,44.881956,-93.221767,841,-6.0,A,America/Chicago,38.852083,-77.037722
257,MSP,DL,1664,2.04,931.0,11.32,13.8,5.84,114.32,0.07407407407407407,27,Minneapolis St Paul Intl,Minneapolis,United States,MSP,KMSP,44.881956,-93.221767,841,-6.0,A,America/Chicago,38.852083,-77.037722
258,MSP,DL,1764,-11.238095238095237,931.0,-1.9047619047619047,18.238095238095237,4.571428571428571,112.28571428571429,0.045454545454545456,22,Minneapolis St Paul Intl,Minneapolis,United States,MSP,KMSP,44.881956,-93.221767,841,-6.0,A,America/Chicago,38.852083,-77.037722
259,MSP,DL,1864,-3.269230769230769,931.0,2.769230769230769,17.153846153846153,4.423076923076923,113.76923076923077,0.07142857142857142,28,Minneapolis St Paul Intl,Minneapolis,United States,MSP,KMSP,44.881956,-93.221767,841,-6.0,A,America/Chicago,38.852083,-77.037722
260,MSP,DL,1889,-5.0,931.0,-5.0,32.0,6.0,108.0,0.0,1,Minneapolis St Paul Intl,Minneapolis,United States,MSP,KMSP,44.881956,-93.221767,841,-6.0,A,America/Chicago,38.852083,-77.037722
261,MSP,DL,2164,-5.0476190476190474,931.0,4.238095238095238,18.333333333333332,4.619047619047619,110.80952380952381,0.08695652173913043,23,Minneapolis St Paul Intl,Minneapolis,United States,MSP,KMSP,44.881956,-93.221767,841,-6.0,A,America/Chicago,38.852083,-77.037722
262,MSY,US,765,-1.5,969.0,-3.0,14.0,4.5,122.0,0.0,2,Louis Armstrong New Orleans Intl,New Orleans,United States,MSY,KMSY,29.993389,-90.258028,4,-6.0,A,America/Chicago,38.852083,-77.037722
263,MSY,US,1755,-12.5,969.0,-6.0,9.0,4.5,120.0,0.0,2,Louis Armstrong New Orleans Intl,New Orleans,United States,MSY,KMSY,29.993389,-90.258028,4,-6.0,A,America/Chicago,38.852083,-77.037722
264,ORD,AA,954,-5.75,612.0,-0.5,11.0,5.625,83.125,0.0,8,Chicago Ohare Intl,Chicago,United States,ORD,KORD,41.978603,-87.904842,668,-6.0,A,America/Chicago,38.852083,-77.037722
265,ORD,AA,1244,16.272727272727273,612.0,20.454545454545453,14.0,3.4545454545454546,78.36363636363636,0.0,11,Chicago Ohare Intl,Chicago,United States,ORD,KORD,41.978603,-87.904842,668,-6.0,A,America/Chicago,38.852083,-77.037722
266,ORD,AA,1473,-5.2,612.0,8.5,13.2,4.4,78.7,0.09090909090909091,11,Chicago Ohare Intl,Chicago,United States,ORD,KORD,41.978603,-87.904842,668,-6.0,A,America/Chicago,38.852083,-77.037722
267,ORD,AA,1575,4.434782608695652,612.0,5.739130434782608,13.782608695652174,10.08695652173913,79.82608695652173,0.041666666666666664,24,Chicago Ohare Intl,Chicago,United States,ORD,KORD,41.978603,-87.904842,668,-6.0,A,America/Chicago,38.852083,-77.037722
268,ORD,AA,2284,21.346153846153847,612.0,25.307692307692307,13.307692307692308,4.923076923076923,77.8076923076923,0.07142857142857142,28,Chicago Ohare Intl,Chicago,United States,ORD,KORD,41.978603,-87.904842,668,-6.0,A,America/Chicago,38.852083,-77.037722
269,ORD,AA,2299,1.0454545454545454,612.0,8.818181818181818,12.590909090909092,4.7727272727272725,79.86363636363636,0.08333333333333333,24,Chicago Ohare Intl,Chicago,United States,ORD,KORD,41.978603,-87.904842,668,-6.0,A,America/Chicago,38.852083,-77.037722
270,ORD,AA,2346,13.5,612.0,19.6875,12.875,3.4375,77.5,0.1111111111111111,18,Chicago Ohare Intl,Chicago,United States,ORD,KORD,41.978603,-87.904842,668,-6.0,A,America/Chicago,38.852083,-77.037722
271,ORD,MQ,3608,22.4,612.0,20.6,21.9,2.7,77.2,0.09090909090909091,11,Chicago Ohare Intl,Chicago,United States,ORD,KORD,41.978603,-87.904842,668,-6.0,A,America/Chicago,38.852083,-77.037722
272,ORD,MQ,3731,23.2,612.0,23.266666666666666,18.266666666666666,3.7333333333333334,77.93333333333334,0.11764705882352941,17,Chicago Ohare Intl,Chicago,United States,ORD,KORD,41.978603,-87.904842,668,-6.0,A,America/Chicago,38.852083,-77.037722
273,ORD,OO,4969,41.57142857142857,612.0,41.857142857142854,19.142857142857142,5.571428571428571,80.0,0.0,7,Chicago Ohare Intl,Chicago,United States,ORD,KORD,41.978603,-87.904842,668,-6.0,A,America/Chicago,38.852083,-77.037722
274,ORD,UA,283,-10.0,612.0,-4.0,11.0,12.0,81.0,0.5,2,Chicago Ohare Intl,Chicago,United States,ORD,KORD,41.978603,-87.904842,668,-6.0,A,America/Chicago,38.852083,-77.037722
275,ORD,UA,340,8.88888888888889,612.0,9.11111111111111,20.0,9.555555555555555,80.22222222222223,0.1,10,Chicago Ohare Intl,Chicago,United States,ORD,KORD,41.978603,-87.904842,668,-6.0,A,America/Chicago,38.852083,-77.037722
276,ORD,UA,600,44.0,612.0,54.0,16.0,4.0,74.0,0.5,2,Chicago Ohare Intl,Chicago,United States,ORD,KORD,41.978603,-87.904842,668,-6.0,A,America/Chicago,38.852083,-77.037722
277,ORD,UA,606,1.9090909090909092,612.0,12.545454545454545,16.454545454545453,3.8181818181818183,77.0909090909091,0.08333333333333333,12,Chicago Ohare Intl,Chicago,United States,ORD,KORD,41.978603,-87.904842,668,-6.0,A,America/Chicago,38.852083,-77.037722
278,ORD,UA,614,-1.6363636363636365,612.0,2.0,19.636363636363637,4.909090909090909,81.81818181818181,0.08333333333333333,12,Chicago Ohare Intl,Chicago,United States,ORD,KORD,41.978603,-87.904842,668,-6.0,A,America/Chicago,38.852083,-77.037722
279,ORD,UA,616,0.75,612.0,4.5,21.916666666666668,6.25,78.08333333333333,0.14285714285714285,14,Chicago Ohare Intl,Chicago,United States,ORD,KORD,41.978603,-87.904842,668,-6.0,A,America/Chicago,38.852083,-77.037722
280,ORD,UA,618,13.333333333333334,612.0,27.066666666666666,15.6,4.4,76.26666666666667,0.0625,16,Chicago Ohare Intl,Chicago,United States,ORD,KORD,41.978603,-87.904842,668,-6.0,A,America/Chicago,38.852083,-77.037722
281,ORD,UA,622,21.181818181818183,612.0,25.09090909090909,22.09090909090909,4.2727272727272725,79.63636363636364,0.26666666666666666,15,Chicago Ohare Intl,Chicago,United States,ORD,KORD,41.978603,-87.904842,668,-6.0,A,America/Chicago,38.852083,-77.037722
282,ORD,UA,624,14.25,612.0,21.0,22.5,3.75,78.5,0.07692307692307693,13,Chicago Ohare Intl,Chicago,United States,ORD,KORD,41.978603,-87.904842,668,-6.0,A,America/Chicago,38.852083,-77.037722
283,ORD,UA,719,,612.0,,,,,1.0,1,Chicago Ohare Intl,Chicago,United States,ORD,KORD,41.978603,-87.904842,668,-6.0,A,America/Chicago,38.852083,-77.037722
284,ORD,UA,1028,9.0,612.0,18.5,10.5,5.0,80.0,0.0,2,Chicago Ohare Intl,Chicago,United States,ORD,KORD,41.978603,-87.904842,668,-6.0,A,America/Chicago,38.852083,-77.037722
285,ORD,UA,1029,-4.0,612.0,8.0,13.75,5.5,79.75,0.0,4,Chicago Ohare Intl,Chicago,United States,ORD,KORD,41.978603,-87.904842,668,-6.0,A,America/Chicago,38.852083,-77.037722
286,ORD,UA,1115,-6.0,612.0,6.6,12.8,6.2,77.0,0.16666666666666666,6,Chicago Ohare Intl,Chicago,United States,ORD,KORD,41.978603,-87.904842,668,-6.0,A,America/Chicago,38.852083,-77.037722
287,ORD,UA,1143,,612.0,,,,,1.0,1,Chicago Ohare Intl,Chicago,United States,ORD,KORD,41.978603,-87.904842,668,-6.0,A,America/Chicago,38.852083,-77.037722
288,ORD,UA,1158,-11.5,612.0,-0.5,13.5,4.0,82.5,0.0,2,Chicago Ohare Intl,Chicago,United States,ORD,KORD,41.978603,-87.904842,668,-6.0,A,America/Chicago,38.852083,-77.037722
289,ORD,UA,1167,23.5,612.0,27.0,21.5,6.5,79.5,0.0,2,Chicago Ohare Intl,Chicago,United States,ORD,KORD,41.978603,-87.904842,668,-6.0,A,America/Chicago,38.852083,-77.037722
290,ORD,UA,1178,-11.0,612.0,8.0,12.0,3.0,79.0,0.0,1,Chicago Ohare Intl,Chicago,United States,ORD,KORD,41.978603,-87.904842,668,-6.0,A,America/Chicago,38.852083,-77.037722
291,ORD,UA,1187,-7.0,612.0,6.0,12.5,4.5,81.0,0.3333333333333333,3,Chicago Ohare Intl,Chicago,United States,ORD,KORD,41.978603,-87.904842,668,-6.0,A,America/Chicago,38.852083,-77.037722
292,ORD,UA,1189,-3.75,612.0,7.5,13.75,7.5,78.0,0.2,5,Chicago Ohare Intl,Chicago,United States,ORD,KORD,41.978603,-87.904842,668,-6.0,A,America/Chicago,38.852083,-77.037722
293,ORD,UA,1196,4.333333333333333,612.0,19.333333333333332,13.666666666666666,5.666666666666667,76.66666666666667,0.0,3,Chicago Ohare Intl,Chicago,United States,ORD,KORD,41.978603,-87.904842,668,-6.0,A,America/Chicago,38.852083,-77.037722
294,ORD,UA,1201,64.75,612.0,75.25,14.25,3.75,76.5,0.2,5,Chicago Ohare Intl,Chicago,United States,ORD,KORD,41.978603,-87.904842,668,-6.0,A,America/Chicago,38.852083,-77.037722
295,ORD,UA,1207,-3.0,612.0,-2.0,21.0,5.0,78.0,0.0,1,Chicago Ohare Intl,Chicago,United States,ORD,KORD,41.978603,-87.904842,668,-6.0,A,America/Chicago,38.852083,-77.037722
296,ORD,UA,1218,33.4,612.0,48.0,14.4,5.4,77.0,0.16666666666666666,6,Chicago Ohare Intl,Chicago,United States,ORD,KORD,41.978603,-87.904842,668,-6.0,A,America/Chicago,38.852083,-77.037722
297,ORD,UA,1233,-19.666666666666668,612.0,-3.0,10.666666666666666,4.0,77.66666666666667,0.0,3,Chicago Ohare Intl,Chicago,United States,ORD,KORD,41.978603,-87.904842,668,-6.0,A,America/Chicago,38.852083,-77.037722
298,ORD,UA,1240,-6.0,612.0,17.0,12.0,4.0,72.0,0.0,1,Chicago Ohare Intl,Chicago,United States,ORD,KORD,41.978603,-87.904842,668,-6.0,A,America/Chicago,38.852083,-77.037722
299,ORD,UA,1462,-3.0,612.0,7.166666666666667,17.333333333333332,4.666666666666667,77.5,0.14285714285714285,7,Chicago Ohare Intl,Chicago,United States,ORD,KORD,41.978603,-87.904842,668,-6.0,A,America/Chicago,38.852083,-77.037722
300,ORD,UA,1525,216.0,612.0,230.0,16.0,4.0,79.0,0.0,1,Chicago Ohare Intl,Chicago,United States,ORD,KORD,41.978603,-87.904842,668,-6.0,A,America/Chicago,38.852083,-77.037722
301,ORD,UA,1553,-2.75,612.0,9.125,13.25,4.375,79.5,0.2,10,Chicago Ohare Intl,Chicago,United States,ORD,KORD,41.978603,-87.904842,668,-6.0,A,America/Chicago,38.852083,-77.037722
302,ORD,UA,1610,76.0,612.0,91.0,10.5,4.5,75.0,0.0,2,Chicago Ohare Intl,Chicago,United States,ORD,KORD,41.978603,-87.904842,668,-6.0,A,America/Chicago,38.852083,-77.037722
303,ORD,UA,1659,-7.0,612.0,4.5,15.0,5.0,79.5,0.0,2,Chicago Ohare Intl,Chicago,United States,ORD,KORD,41.978603,-87.904842,668,-6.0,A,America/Chicago,38.852083,-77.037722
304,ORD,UA,1678,-19.5,612.0,-3.0,14.0,6.0,74.5,0.0,2,Chicago Ohare Intl,Chicago,United States,ORD,KORD,41.978603,-87.904842,668,-6.0,A,America/Chicago,38.852083,-77.037722
305,PBI,US,891,-4.615384615384615,857.0,-3.1538461538461537,11.76923076923077,4.0,119.76923076923077,0.07142857142857142,14,Palm Beach Intl,West Palm Beach,United States,PBI,KPBI,26.683161,-80.095589,19,-5.0,A,America/New_York,38.852083,-77.037722
306,PBI,US,1927,5.130434782608695,857.0,7.3478260869565215,14.521739130434783,4.391304347826087,116.17391304347827,0.041666666666666664,24,Palm Beach Intl,West Palm Beach,United States,PBI,KPBI,26.683161,-80.095589,19,-5.0,A,America/New_York,38.852083,-77.037722
307,PBI,US,2007,-10.9,857.0,-3.9,12.3,5.6,112.1,0.0,10,Palm Beach Intl,West Palm Beach,United States,PBI,KPBI,26.683161,-80.095589,19,-5.0,A,America/New_York,38.852083,-77.037722
308,PDX,AS,764,-22.0,2350.0,-2.2962962962962963,13.555555555555555,6.222222222222222,255.5185185185185,0.03571428571428571,28,Portland Intl,Portland,United States,PDX,KPDX,45.588722,-122.5975,30,-8.0,A,America/Los_Angeles,38.852083,-77.037722
309,PHL,US,708,-0.5,119.0,-4.5,31.0,3.0,32.0,0.0,2,Philadelphia Intl,Philadelphia,United States,PHL,KPHL,39.871944,-75.241139,36,-5.0,A,America/New_York,38.852083,-77.037722
310,PHL,US,854,13.952380952380953,119.0,13.80952380952381,18.38095238095238,3.9047619047619047,32.142857142857146,0.045454545454545456,22,Philadelphia Intl,Philadelphia,United States,PHL,KPHL,39.871944,-75.241139,36,-5.0,A,America/New_York,38.852083,-77.037722
311,PHL,US,1732,-18.5,119.0,-7.0,18.5,3.5,28.5,0.0,2,Philadelphia Intl,Philadelphia,United States,PHL,KPHL,39.871944,-75.241139,36,-5.0,A,America/New_York,38.852083,-77.037722
312,PHL,US,1878,-2.0,119.0,-1.0,15.0,7.0,31.0,0.5,2,Philadelphia Intl,Philadelphia,United States,PHL,KPHL,39.871944,-75.241139,36,-5.0,A,America/New_York,38.852083,-77.037722
313,PHX,US,498,-4.961538461538462,1979.0,4.423076923076923,11.692307692307692,9.846153846153847,215.07692307692307,0.0,26,Phoenix Sky Harbor Intl,Phoenix,United States,PHX,KPHX,33.434278000000006,-112.011583,1135,-7.0,N,America/Phoenix,38.852083,-77.037722
314,PHX,US,595,-6.296296296296297,1979.0,1.7407407407407407,21.555555555555557,6.518518518518518,215.88888888888889,0.03571428571428571,28,Phoenix Sky Harbor Intl,Phoenix,United States,PHX,KPHX,33.434278000000006,-112.011583,1135,-7.0,N,America/Phoenix,38.852083,-77.037722
315,PHX,US,680,-2.740740740740741,1979.0,6.814814814814815,16.074074074074073,4.407407407407407,213.8148148148148,0.03571428571428571,28,Phoenix Sky Harbor Intl,Phoenix,United States,PHX,KPHX,33.434278000000006,-112.011583,1135,-7.0,N,America/Phoenix,38.852083,-77.037722
316,PVD,US,2057,19.636363636363637,356.0,15.869565217391305,19.17391304347826,3.8636363636363638,77.63636363636364,0.041666666666666664,24,Theodore Francis Green State,Providence,United States,PVD,KPVD,41.732581,-71.420383,55,-5.0,A,America/New_York,38.852083,-77.037722
317,RDU,MQ,3382,24.583333333333332,227.0,19.0,16.833333333333332,6.625,42.125,0.14285714285714285,28,Raleigh Durham Intl,Raleigh-durham,United States,RDU,KRDU,35.877639,-78.787472,435,-5.0,A,America/New_York,38.852083,-77.037722
318,RDU,MQ,3430,15.61111111111111,227.0,9.11111111111111,20.5,6.333333333333333,39.666666666666664,0.25,24,Raleigh Durham Intl,Raleigh-durham,United States,RDU,KRDU,35.877639,-78.787472,435,-5.0,A,America/New_York,38.852083,-77.037722
319,RDU,MQ,3435,8.333333333333334,227.0,9.38888888888889,15.88888888888889,4.777777777777778,38.27777777777778,0.1,20,Raleigh Durham Intl,Raleigh-durham,United States,RDU,KRDU,35.877639,-78.787472,435,-5.0,A,America/New_York,38.852083,-77.037722
320,RDU,MQ,3469,17.61111111111111,227.0,15.166666666666666,21.27777777777778,4.888888888888889,41.27777777777778,0.25,24,Raleigh Durham Intl,Raleigh-durham,United States,RDU,KRDU,35.877639,-78.787472,435,-5.0,A,America/New_York,38.852083,-77.037722
321,RDU,MQ,3479,25.210526315789473,227.0,22.42105263157895,16.157894736842106,6.842105263157895,39.78947368421053,0.20833333333333334,24,Raleigh Durham Intl,Raleigh-durham,United States,RDU,KRDU,35.877639,-78.787472,435,-5.0,A,America/New_York,38.852083,-77.037722
322,RDU,MQ,3534,22.6875,227.0,25.25,10.5,3.9375,38.0,0.2,20,Raleigh Durham Intl,Raleigh-durham,United States,RDU,KRDU,35.877639,-78.787472,435,-5.0,A,America/New_York,38.852083,-77.037722
323,RDU,MQ,3566,5.0,227.0,6.842105263157895,16.105263157894736,3.526315789473684,38.526315789473685,0.20833333333333334,24,Raleigh Durham Intl,Raleigh-durham,United States,RDU,KRDU,35.877639,-78.787472,435,-5.0,A,America/New_York,38.852083,-77.037722
324,RSW,FL,414,-8.363636363636363,892.0,0.5833333333333334,10.833333333333334,9.5,111.9090909090909,0.0,12,Southwest Florida Intl,Fort Myers,United States,RSW,KRSW,26.536167,-81.755167,30,-5.0,A,America/New_York,38.852083,-77.037722
325,RSW,FL,949,22.333333333333332,892.0,19.133333333333333,15.2,5.2,118.8,0.0625,16,Southwest Florida Intl,Fort Myers,United States,RSW,KRSW,26.536167,-81.755167,30,-5.0,A,America/New_York,38.852083,-77.037722
326,RSW,US,1777,10.23076923076923,892.0,7.923076923076923,14.923076923076923,6.538461538461538,119.84615384615384,0.07142857142857142,14,Southwest Florida Intl,Fort Myers,United States,RSW,KRSW,26.536167,-81.755167,30,-5.0,A,America/New_York,38.852083,-77.037722
327,SAN,US,665,3.2222222222222223,2276.0,19.925925925925927,15.444444444444445,6.407407407407407,247.44444444444446,0.03571428571428571,28,San Diego Intl,San Diego,United States,SAN,KSAN,32.733556,-117.18966699999999,17,-8.0,A,America/Los_Angeles,38.852083,-77.037722
328,SEA,AS,2,-10.192307692307692,2329.0,-0.23076923076923078,15.692307692307692,5.5,254.6153846153846,0.07142857142857142,28,Seattle Tacoma Intl,Seattle,United States,SEA,KSEA,47.449,-122.309306,433,-8.0,A,America/Los_Angeles,38.852083,-77.037722
329,SEA,AS,4,-13.555555555555555,2329.0,0.37037037037037035,15.592592592592593,3.4814814814814814,254.88888888888889,0.03571428571428571,28,Seattle Tacoma Intl,Seattle,United States,SEA,KSEA,47.449,-122.309306,433,-8.0,A,America/Los_Angeles,38.852083,-77.037722
330,SFO,UA,1060,3.88,2442.0,22.28,17.2,5.96,261.64,0.10714285714285714,28,San Francisco Intl,San Francisco,United States,SFO,KSFO,37.618972,-122.374889,13,-8.0,A,America/Los_Angeles,38.852083,-77.037722
331,SFO,VX,1,-7.851851851851852,2442.0,3.2962962962962963,14.37037037037037,6.555555555555555,267.9259259259259,0.03571428571428571,28,San Francisco Intl,San Francisco,United States,SFO,KSFO,37.618972,-122.374889,13,-8.0,A,America/Los_Angeles,38.852083,-77.037722
332,SJU,B6,1348,29.84,1554.0,39.56,12.96,5.76,212.56,0.10714285714285714,28,Luis Munoz Marin Intl,San Juan,Puerto Rico,SJU,TJSJ,18.439417000000002,-66.00183299999999,9,-4.0,U,America/Puerto_Rico,38.852083,-77.037722
333,SLC,DL,832,-17.48148148148148,1851.0,2.0,16.607142857142858,4.035714285714286,200.92592592592592,0.0,28,Salt Lake City Intl,Salt Lake City,United States,SLC,KSLC,40.788389,-111.977772,4227,-7.0,A,America/Denver,38.852083,-77.037722
334,SLC,DL,2360,-10.19047619047619,1851.0,6.0,16.857142857142858,4.380952380952381,198.57142857142858,0.08695652173913043,23,Salt Lake City Intl,Salt Lake City,United States,SLC,KSLC,40.788389,-111.977772,4227,-7.0,A,America/Denver,38.852083,-77.037722
335,STL,MQ,3030,6.96,719.0,3.6,20.24,3.84,89.28,0.10714285714285714,28,Lambert St Louis Intl,St. Louis,United States,STL,KSTL,38.748697,-90.370028,618,-6.0,A,America/Chicago,38.852083,-77.037722
336,STL,MQ,3036,23.76923076923077,719.0,24.5,18.576923076923077,6.846153846153846,86.92307692307692,0.07142857142857142,28,Lambert St Louis Intl,St. Louis,United States,STL,KSTL,38.748697,-90.370028,618,-6.0,A,America/Chicago,38.852083,-77.037722
337,STL,MQ,3060,33.18181818181818,719.0,29.636363636363637,16.59090909090909,8.045454545454545,88.9090909090909,0.08333333333333333,24,Lambert St Louis Intl,St. Louis,United States,STL,KSTL,38.748697,-90.370028,618,-6.0,A,America/Chicago,38.852083,-77.037722
338,STL,WN,207,14.76923076923077,719.0,19.23076923076923,10.23076923076923,5.538461538461538,89.76923076923077,0.0,13,Lambert St Louis Intl,St. Louis,United States,STL,KSTL,38.748697,-90.370028,618,-6.0,A,America/Chicago,38.852083,-77.037722
339,STL,WN,352,-10.0,719.0,-2.5,8.0,4.5,90.0,0.0,2,Lambert St Louis Intl,St. Louis,United States,STL,KSTL,38.748697,-90.370028,618,-6.0,A,America/Chicago,38.852083,-77.037722
340,STL,WN,385,-13.0,719.0,-3.0,9.0,4.0,87.0,0.0,1,Lambert St Louis Intl,St. Louis,United States,STL,KSTL,38.748697,-90.370028,618,-6.0,A,America/Chicago,38.852083,-77.037722
341,STL,WN,840,37.0,719.0,47.5,9.0,4.5,86.0,0.0,2,Lambert St Louis Intl,St. Louis,United States,STL,KSTL,38.748697,-90.370028,618,-6.0,A,America/Chicago,38.852083,-77.037722
342,STL,WN,878,23.0,719.0,20.0,14.0,9.0,90.0,0.0,1,Lambert St Louis Intl,St. Louis,United States,STL,KSTL,38.748697,-90.370028,618,-6.0,A,America/Chicago,38.852083,-77.037722
343,STL,WN,1501,,719.0,,,,,1.0,1,Lambert St Louis Intl,St. Louis,United States,STL,KSTL,38.748697,-90.370028,618,-6.0,A,America/Chicago,38.852083,-77.037722
344,STL,WN,2470,-15.5,719.0,-3.5,9.0,4.0,85.0,0.0,2,Lambert St Louis Intl,St. Louis,United States,STL,KSTL,38.748697,-90.370028,618,-6.0,A,America/Chicago,38.852083,-77.037722
345,STL,WN,2490,-17.0,719.0,-5.5,10.0,3.5,85.0,0.0,2,Lambert St Louis Intl,St. Louis,United States,STL,KSTL,38.748697,-90.370028,618,-6.0,A,America/Chicago,38.852083,-77.037722
346,STL,WN,2860,-7.125,719.0,-0.75,10.0,4.5,89.125,0.0,8,Lambert St Louis Intl,St. Louis,United States,STL,KSTL,38.748697,-90.370028,618,-6.0,A,America/Chicago,38.852083,-77.037722
347,STL,WN,3578,-3.1538461538461537,719.0,-1.3076923076923077,10.846153846153847,4.230769230769231,88.07692307692308,0.07142857142857142,14,Lambert St Louis Intl,St. Louis,United States,STL,KSTL,38.748697,-90.370028,618,-6.0,A,America/Chicago,38.852083,-77.037722
348,STL,WN,3769,-2.2,719.0,-0.3,12.5,5.0,85.6,0.0,10,Lambert St Louis Intl,St. Louis,United States,STL,KSTL,38.748697,-90.370028,618,-6.0,A,America/Chicago,38.852083,-77.037722
349,TPA,B6,250,24.962962962962962,814.0,31.62962962962963,14.407407407407407,4.62962962962963,105.29629629629629,0.03571428571428571,28,Tampa Intl,Tampa,United States,TPA,KTPA,27.975471999999996,-82.53325,26,-5.0,A,America/New_York,38.852083,-77.037722
350,TPA,US,712,-0.375,814.0,0.28,14.8,8.8,105.0,0.10714285714285714,28,Tampa Intl,Tampa,United States,TPA,KTPA,27.975471999999996,-82.53325,26,-5.0,A,America/New_York,38.852083,-77.037722
351,TPA,US,1741,-0.6818181818181818,814.0,2.1818181818181817,13.090909090909092,6.181818181818182,106.86363636363636,0.08333333333333333,24,Tampa Intl,Tampa,United States,TPA,KTPA,27.975471999999996,-82.53325,26,-5.0,A,America/New_York,38.852083,-77.037722
352,TPA,US,1816,-3.380952380952381,814.0,-3.7142857142857144,13.952380952380953,11.285714285714286,107.0952380952381,0.045454545454545456,22,Tampa Intl,Tampa,United States,TPA,KTPA,27.975471999999996,-82.53325,26,-5.0,A,America/New_York,38.852083,-77.037722
353,TPA,US,1846,18.46153846153846,814.0,25.576923076923077,12.346153846153847,4.730769230769231,105.73076923076923,0.07142857142857142,28,Tampa Intl,Tampa,United States,TPA,KTPA,27.975471999999996,-82.53325,26,-5.0,A,America/New_York,38.852083,-77.037722
354,TPA,US,1929,10.666666666666666,814.0,12.222222222222221,12.333333333333334,4.407407407407407,106.70370370370371,0.03571428571428571,28,Tampa Intl,Tampa,United States,TPA,KTPA,27.975471999999996,-82.53325,26,-5.0,A,America/New_York,38.852083,-77.037722
